edgeID,group0,group1,group2
18,0,1,0
24,0,0,0
27,0,1,0
30,0,1,0
31,0,1,0
32,0,0,0
33,0,0,0
36,0,0,0
38,0,0,0
45,0,0,0
48,0,0,0
49,0,0,0
50,0,0,0
54,0,0,0
55,0,0,0
58,0,0,0
72,0,0,0
73,0,0,0
88,0,0,0
92,0,0,0
93,0,0,0
94,0,0,0
95,0,0,0
98,0,0,0
106,0,0,0
110,0,0,0
117,0,0,0
118,0,0,0
119,0,0,0
121,0,0,0
138,0,0,0
149,0,0,0
153,0,0,0
154,0,0,0
157,0,0,0
158,0,0,0
159,0,0,0
163,0,0,0
164,0,0,0
166,0,0,0
167,0,0,0
168,0,0,0
169,0,0,0
170,0,0,0
176,0,0,0
177,0,0,0
178,0,0,0
179,0,0,0
184,0,0,0
194,0,0,0
195,0,0,0
201,0,0,0
204,0,0,0
205,0,0,0
216,0,0,0
221,0,0,0
244,0,0,0
247,0,0,0
248,0,0,0
249,0,0,0
250,0,0,0
258,0,0,0
262,0,0,0
265,0,0,0
268,0,0,0
280,0,0,0
282,0,0,0
295,0,0,0
296,0,0,0
297,0,0,0
302,0,0,0
305,0,0,0
310,0,0,0
312,0,0,0
318,0,0,0
320,0,0,0
321,0,0,0
322,0,0,0
325,0,0,0
329,0,0,0
332,0,0,0
339,0,0,0
340,0,0,0
341,0,0,0
342,0,0,0
344,0,0,0
346,0,0,0
347,0,0,0
350,0,0,0
352,0,0,0
358,0,0,0
361,0,0,0
362,0,0,0
363,0,0,0
365,0,0,0
367,0,0,0
379,0,0,0
380,0,0,0
381,0,0,0
382,0,0,0
394,0,0,0
396,0,0,0
397,0,0,0
398,0,0,0
399,0,0,0
400,0,0,0
412,0,0,0
417,0,0,0
422,0,0,2
424,0,1,1
426,1,1,0
432,0,0,0
438,0,0,1
468,0,0,0
469,0,0,0
470,0,0,0
482,0,0,0
484,0,0,0
485,0,0,0
486,0,0,0
504,0,0,0
508,0,0,0
512,0,0,0
529,0,0,0
530,0,0,0
531,0,0,0
537,0,0,0
540,0,0,0
541,0,0,0
542,0,0,0
559,0,0,0
564,0,0,0
568,0,0,0
577,0,0,0
579,0,0,0
582,0,0,0
594,0,0,0
596,0,0,0
597,0,0,0
600,0,0,0
602,0,0,0
603,0,0,0
604,0,0,0
606,0,0,0
609,0,0,0
611,0,0,0
613,0,0,0
616,0,0,0
617,0,0,0
619,0,0,0
621,0,0,0
623,0,0,0
624,0,0,0
629,0,0,0
630,0,0,0
632,0,0,0
634,0,0,0
635,0,0,0
638,0,0,0
642,0,0,0
649,0,0,0
651,0,0,0
652,0,0,0
653,0,0,0
658,0,0,0
659,0,0,0
666,0,0,0
684,0,0,0
686,0,0,0
697,0,0,0
698,0,0,0
724,0,0,0
725,0,0,0
726,0,0,0
727,0,0,0
728,0,0,0
734,0,0,0
739,0,0,0
740,0,0,0
741,0,0,0
749,0,0,0
752,0,0,0
755,0,0,0
761,0,0,0
762,0,0,0
766,0,0,0
767,0,0,0
768,0,0,0
787,0,0,0
788,0,0,0
808,0,0,0
819,0,0,0
826,0,0,0
829,0,0,0
830,0,0,0
837,0,0,0
843,0,0,0
846,0,0,0
855,0,0,0
862,0,0,0
867,0,0,0
869,0,0,0
877,0,0,0
879,0,0,0
881,0,0,0
883,0,0,0
884,0,0,0
889,0,0,0
893,0,0,0
894,0,0,0
895,0,0,0
896,0,0,0
898,0,0,0
899,0,0,0
906,0,0,0
907,0,0,0
914,0,0,0
922,0,0,0
940,0,0,0
941,0,0,0
947,0,0,0
948,0,0,0
949,0,0,0
950,0,0,0
951,0,0,0
953,0,0,0
954,0,0,0
955,0,0,0
956,0,0,0
957,0,0,0
962,0,0,0
964,0,0,0
965,0,0,0
967,0,0,0
968,0,0,0
969,0,0,0
970,0,0,0
971,0,0,0
973,0,0,0
974,0,0,0
981,0,0,0
983,0,0,0
990,0,0,0
1022,0,0,0
1025,0,0,0
1040,0,0,0
1060,0,0,0
1063,0,0,0
1064,0,0,0
1065,0,0,0
1074,0,0,0
1095,0,0,0
1096,0,0,0
1097,0,0,0
1099,0,0,0
1100,0,0,0
1103,0,0,0
1104,0,0,0
1113,0,0,0
1116,0,0,0
1124,0,0,0
1125,0,0,0
1129,0,0,0
1137,0,0,0
1139,0,0,0
1140,0,0,0
1141,0,0,0
1142,0,0,0
1143,0,0,0
1146,0,0,0
1147,0,0,0
1148,0,0,0
1149,0,0,0
1164,0,0,0
1200,0,0,0
1202,0,0,0
1203,0,0,0
1204,0,0,0
1208,0,0,0
1213,0,0,0
1214,0,0,0
1234,0,0,0
1235,0,0,0
1236,0,0,0
1237,0,0,0
1240,0,0,0
1244,0,0,0
1253,0,0,0
1257,0,0,0
1276,0,0,0
1304,0,0,0
1320,0,0,0
1321,0,0,0
1341,0,0,0
1358,0,0,0
1360,0,0,0
1361,0,0,0
1367,0,0,0
1394,0,0,0
1402,0,0,0
1403,0,0,0
1413,0,0,0
1432,0,0,0
1433,0,0,0
1434,0,0,0
1442,0,0,0
1443,0,0,0
1444,0,0,0
1445,0,0,0
1448,0,0,0
1455,0,0,0
1459,0,0,0
1470,0,0,0
1471,0,0,0
1472,0,0,0
1487,0,0,0
1488,0,0,0
1489,0,0,0
1516,0,0,0
1520,0,0,0
1522,0,0,0
1523,0,0,0
1547,0,0,0
1552,0,0,0
1568,0,0,0
1572,0,0,0
1574,0,0,0
1579,0,0,0
1580,0,0,0
1582,0,0,0
1586,0,0,0
1588,0,0,0
1593,0,0,0
1610,0,0,0
1627,0,0,0
1633,0,0,0
1634,0,0,0
1635,0,0,0
1648,0,0,0
1655,0,0,0
1656,0,0,0
1657,0,0,0
1658,0,0,0
1664,0,0,0
1665,0,0,0
1679,0,0,0
1680,0,0,0
1681,0,0,0
1682,0,0,0
1685,0,0,0
1687,0,0,0
1688,0,0,0
1692,0,0,0
1695,0,0,0
1696,0,0,0
1697,0,0,0
1698,0,0,0
1699,0,0,0
1703,0,0,0
1711,0,0,0
1712,0,0,0
1713,0,0,0
1724,0,0,0
1735,0,0,0
1736,0,0,0
1737,0,0,0
1738,0,0,0
1740,0,0,0
1742,0,0,0
1743,0,0,0
1746,2,2,1
1768,0,0,0
1774,0,0,0
1782,0,0,0
1783,0,0,0
1784,0,0,0
1792,0,0,0
1794,0,0,0
1795,0,0,0
1796,0,0,0
1798,0,0,0
1799,0,0,0
1802,0,0,0
1803,0,0,0
1804,0,0,0
1812,0,0,0
1815,0,0,0
1840,0,0,0
1851,0,0,0
1852,0,0,0
1861,0,0,0
1875,0,0,0
1879,0,0,0
1880,0,0,0
1882,0,0,0
1885,0,0,0
1886,0,0,0
1887,0,0,0
1888,0,0,0
1898,0,0,0
1909,0,0,0
1910,0,0,0
1914,0,0,0
1924,0,0,0
1925,0,0,0
1928,0,0,0
1929,0,0,0
1930,0,0,0
1932,0,0,0
1933,0,0,0
1955,0,0,0
1959,0,0,0
1960,0,0,0
1961,0,0,0
1962,0,0,0
1963,0,0,0
1970,0,0,0
1971,0,0,0
1974,0,0,0
1977,0,0,0
1978,0,0,0
1981,0,0,0
1986,0,0,0
1994,0,0,0
1997,0,0,0
1998,0,0,0
2003,0,0,0
2004,0,0,0
2005,0,0,0
2006,0,0,0
2007,0,0,0
2008,0,0,0
2010,0,0,0
2011,0,0,0
2012,0,0,0
2016,0,0,0
2017,0,0,0
2018,0,0,0
2019,0,0,0
2028,0,0,0
2030,0,0,0
2031,0,0,0
2038,0,0,0
2039,0,0,0
2040,0,0,0
2045,0,0,0
2046,0,0,0
2047,0,0,0
2054,0,0,0
2056,0,0,0
2063,0,0,0
2064,0,0,0
2065,0,0,0
2066,0,0,0
2068,0,0,0
2069,0,0,0
2071,0,0,0
2089,0,0,0
2094,0,0,0
2096,0,0,0
2098,0,0,0
2100,0,0,0
2101,0,0,0
2107,0,0,0
2108,0,0,0
2109,0,0,0
2113,0,0,0
2128,0,0,0
2129,0,0,0
2135,0,0,0
2139,0,0,0
2140,0,0,0
2141,0,0,0
2142,0,0,0
2146,0,0,0
2147,0,0,0
2151,0,0,0
2156,0,0,0
2164,0,0,0
2172,0,0,0
2178,0,0,0
2179,0,0,0
2181,0,0,0
2182,0,0,0
2184,0,0,0
2188,0,0,0
2193,0,0,0
2209,0,0,0
2210,0,0,0
2211,0,0,0
2215,0,0,0
2222,0,0,0
2227,0,0,0
2228,0,0,0
2244,0,0,0
2245,0,0,0
2247,0,0,0
2255,0,0,0
2256,0,0,0
2258,0,0,0
2263,0,0,0
2266,0,0,0
2270,0,0,0
2271,0,0,0
2272,0,0,0
2273,0,0,0
2275,0,0,0
2276,0,0,0
2277,0,0,0
2284,0,0,0
2305,0,0,0
2306,0,0,0
2313,0,0,0
2314,0,0,0
2341,0,0,0
2342,0,0,0
2350,0,0,0
2351,0,0,0
2369,0,0,0
2372,0,0,0
2373,0,0,0
2390,0,0,0
2393,0,0,0
2399,0,0,0
2434,0,0,0
2435,0,0,0
2436,0,0,0
2453,0,0,0
2459,0,0,0
2461,0,0,0
2462,0,0,0
2466,0,0,0
2472,0,0,0
2489,0,0,0
2494,0,0,0
2495,0,0,0
2503,0,1,0
2504,0,0,0
2512,0,0,0
2514,0,0,0
2529,0,0,0
2535,0,0,0
2538,0,0,0
2544,0,0,0
2545,0,0,0
2546,0,0,0
2557,0,0,0
2559,0,0,0
2562,0,0,0
2563,0,0,0
2574,0,0,0
2575,0,0,0
2578,0,0,0
2584,0,0,0
2594,0,0,0
2595,0,0,0
2600,0,0,0
2613,0,0,0
2637,0,0,0
2638,0,0,0
2645,0,0,0
2646,0,0,0
2650,2,2,1
2655,0,0,0
2663,0,0,0
2665,0,0,0
2667,0,0,0
2668,0,0,0
2669,0,0,0
2672,0,0,0
2673,0,0,0
2674,0,0,0
2675,0,0,0
2679,0,0,0
2702,0,0,0
2703,0,0,0
2704,0,0,0
2727,0,0,0
2733,0,0,0
2746,0,0,0
2763,0,0,0
2772,0,1,1
2773,0,1,1
2787,0,0,0
2790,0,0,0
2791,0,0,0
2792,0,0,0
2802,0,0,0
2806,0,0,0
2807,0,0,0
2808,0,0,0
2810,0,0,0
2813,0,0,1
2822,0,0,0
2823,0,0,0
2825,0,0,0
2830,0,0,0
2831,0,0,0
2836,0,1,1
2840,2,2,0
2842,0,0,0
2845,0,0,0
2850,0,0,1
2851,0,0,0
2852,0,0,1
2857,0,0,0
2864,0,0,0
2866,0,0,0
2884,0,0,0
2899,0,0,0
2905,0,0,1
2906,0,0,1
2907,0,0,0
2910,0,0,0
2913,0,0,0
2914,0,0,1
2916,0,0,0
2917,0,0,0
2918,0,0,0
2920,0,0,0
2923,0,0,0
2924,0,0,0
2925,0,0,0
2927,0,0,0
2928,0,0,0
2929,0,0,0
2930,0,0,0
2933,0,0,0
2934,0,0,0
2936,0,0,0
2939,0,0,0
2945,0,0,0
2946,0,0,0
2949,0,0,0
2952,0,0,0
2963,0,0,0
2966,0,0,0
2973,0,0,0
2979,0,0,0
2985,0,0,0
2986,0,0,0
2995,0,0,0
3011,0,0,0
3012,0,0,0
3013,0,0,0
3014,0,0,0
3015,0,0,0
3016,0,0,0
3026,0,0,0
3028,0,0,0
3029,0,0,0
3037,0,0,0
3041,1,0,0
3053,0,0,0
3057,0,0,0
3058,0,0,0
3062,0,0,0
3067,0,0,0
3070,0,0,0
3077,0,0,0
3080,0,0,0
3101,0,0,0
3111,0,0,0
3124,0,0,0
3125,0,0,0
3126,0,0,0
3135,0,0,0
3146,0,0,0
3149,0,0,0
3157,0,0,0
3159,0,0,0
3164,0,0,0
3165,0,0,0
3166,0,0,0
3167,0,0,0
3172,0,0,1
3177,0,0,1
3179,1,0,0
3187,0,0,0
3191,1,0,0
3192,0,0,0
3195,0,0,0
3197,0,0,0
3199,0,0,0
3217,0,0,0
3224,0,0,0
3226,0,0,0
3227,0,0,0
3228,0,0,0
3229,0,0,0
3231,0,0,0
3234,0,0,0
3236,0,0,0
3238,0,0,0
3242,0,0,0
3245,0,0,0
3248,0,0,0
3257,0,0,0
3259,0,0,0
3260,0,0,0
3261,0,0,0
3263,0,0,0
3269,0,0,0
3270,0,0,0
3276,0,0,0
3277,0,0,0
3284,0,0,0
3289,0,0,0
3293,0,0,0
3294,0,0,0
3302,0,0,0
3305,0,0,0
3306,0,0,0
3307,0,0,0
3328,0,0,0
3334,0,0,0
3335,0,0,0
3336,0,0,0
3338,0,0,0
3339,0,0,0
3353,0,0,0
3354,0,0,0
3358,0,0,0
3366,0,0,0
3371,0,0,0
3379,0,0,0
3396,0,0,0
3423,0,0,0
3437,0,0,0
3451,0,0,0
3453,0,0,0
3521,0,0,0
3538,0,0,0
3545,0,0,0
3550,0,0,0
3551,0,0,0
3552,0,0,0
3560,0,0,0
3561,0,0,0
3562,0,0,0
3563,0,0,0
3579,0,0,0
3583,0,0,0
3589,0,0,0
3592,0,0,0
3593,0,0,0
3601,0,0,0
3607,0,0,0
3608,0,0,0
3609,0,0,0
3610,0,0,0
3625,0,0,0
3627,0,0,0
3628,0,0,0
3629,0,0,0
3630,0,0,0
3631,0,0,0
3637,0,0,0
3650,0,0,0
3664,0,0,0
3665,0,0,0
3666,0,0,0
3668,0,0,0
3670,0,0,0
3681,0,0,0
3699,0,0,0
3701,0,0,0
3702,0,0,0
3724,0,0,0
3725,0,0,0
3726,0,0,0
3727,0,0,0
3739,0,0,0
3740,0,0,0
3741,0,0,0
3744,0,0,0
3747,0,0,0
3751,0,0,0
3752,0,0,0
3753,0,0,0
3757,0,0,0
3762,0,0,0
3763,0,0,0
3778,0,0,0
3781,0,0,0
3783,0,0,0
3799,0,0,0
3801,0,0,0
3809,0,0,0
3830,0,0,0
3835,0,0,0
3842,0,0,0
3851,0,0,0
3852,0,0,0
3881,0,0,0
3885,0,0,0
3893,0,0,0
3895,0,0,0
3902,0,0,0
3905,0,0,0
3913,0,0,0
3915,0,0,0
3921,0,0,0
3923,0,0,0
3924,0,0,0
3927,0,0,0
3929,0,0,0
3937,0,0,0
3938,0,0,0
3939,0,0,0
3940,0,0,0
3947,0,0,0
3949,0,0,0
3950,0,0,0
3958,0,0,0
3966,0,0,0
3969,0,0,0
3978,0,0,0
3988,0,0,0
3990,0,0,0
3991,0,0,0
3992,0,0,0
3993,0,0,0
3995,0,0,0
3997,0,0,0
3998,0,0,0
4003,0,0,0
4009,0,0,0
4010,0,0,0
4011,0,0,0
4072,0,0,0
4073,0,0,0
4074,0,0,0
4075,0,0,0
4076,0,0,0
4082,0,0,0
4084,0,0,0
4086,0,0,0
4089,0,0,0
4093,0,0,0
4095,0,0,0
4165,0,0,0
4176,0,0,0
4179,0,0,0
4181,0,0,0
4182,0,0,0
4187,0,0,0
4193,0,0,0
4210,0,0,0
4216,0,0,0
4218,0,0,0
4223,0,0,0
4241,0,0,0
4242,0,0,0
4243,0,0,0
4248,0,0,0
4251,0,0,0
4253,0,0,0
4265,0,0,0
4271,0,0,0
4283,0,0,0
4284,0,0,0
4285,0,0,0
4288,0,0,0
4289,0,0,0
4290,0,0,0
4291,0,0,0
4292,0,0,0
4293,0,0,0
4299,0,0,0
4300,0,0,0
4306,0,0,0
4307,0,0,0
4308,0,0,0
4310,0,0,0
4327,0,0,0
4330,0,0,0
4333,0,0,0
4334,0,0,0
4335,0,0,0
4337,0,0,0
4342,0,0,0
4343,0,0,0
4344,0,0,0
4345,0,0,0
4346,0,0,0
4347,0,0,0
4351,0,0,0
4363,0,0,0
4364,0,0,0
4365,0,0,0
4366,0,0,0
4369,0,0,0
4374,0,0,0
4376,0,0,0
4377,0,0,0
4378,0,0,0
4379,0,0,0
4389,0,0,0
4390,0,0,0
4393,0,0,0
4395,0,0,0
4399,0,0,0
4402,0,0,0
4405,0,0,0
4409,0,0,0
4412,0,0,0
4414,0,0,0
4415,0,0,0
4416,0,0,0
4417,0,0,0
4418,0,0,0
4425,0,0,0
4438,0,0,0
4469,0,0,0
4488,1,0,1
4492,4,2,0
4493,0,0,0
4494,0,0,0
4495,0,0,0
4499,0,0,0
4504,0,0,0
4527,0,0,0
4530,0,0,0
4531,0,0,0
4532,0,0,0
4533,0,0,0
4549,0,0,0
4554,0,0,0
4570,0,0,0
4576,0,0,0
4578,0,0,0
4580,0,0,0
4592,0,0,0
4594,0,0,0
4596,0,0,0
4597,0,0,0
4598,0,0,0
4605,0,0,0
4606,0,0,0
4607,0,0,0
4613,0,0,0
4616,0,0,0
4638,0,0,0
4639,0,0,0
4640,0,0,0
4645,0,0,0
4647,0,0,0
4660,0,0,0
4664,0,0,0
4669,0,0,0
4678,0,0,0
4690,0,0,0
4691,0,0,0
4727,0,0,0
4731,0,0,0
4733,0,0,0
4739,0,0,0
4740,0,0,0
4741,0,0,0
4743,0,0,0
4745,0,0,0
4746,0,0,0
4747,0,0,0
4748,0,0,0
4753,0,0,0
4755,0,0,0
4757,0,0,0
4760,0,0,0
4764,0,0,0
4772,0,0,0
4778,0,0,0
4781,0,0,0
4783,0,0,0
4791,0,0,0
4801,0,0,0
4816,0,0,0
4817,0,0,0
4825,0,0,0
4827,0,0,0
4832,0,0,0
4834,0,0,0
4837,0,0,0
4846,0,0,0
4847,0,0,0
4861,0,0,0
4869,0,0,0
4870,0,0,0
4871,0,0,0
4872,0,0,0
4877,0,0,0
4879,0,0,0
4882,0,0,0
4886,0,0,0
4891,0,0,0
4917,0,0,0
4919,0,0,0
4921,0,0,0
4929,0,0,0
4932,0,0,0
4933,0,0,0
4934,0,0,0
4939,0,0,0
4940,0,0,0
4941,0,0,0
4942,0,0,0
4945,0,0,0
4951,0,0,0
4954,0,0,0
4955,0,0,0
4956,0,0,0
4957,0,0,0
4960,0,0,0
4965,0,0,0
4974,0,0,0
4975,0,0,0
4976,0,0,0
4977,0,0,0
4978,0,0,0
4979,0,0,0
4983,0,0,0
4984,0,0,0
4985,0,0,0
4987,0,0,0
4993,0,0,0
5014,0,0,0
5015,0,0,0
5031,0,0,0
5033,0,0,0
5034,0,0,0
5054,0,0,0
5056,0,0,0
5062,0,0,0
5070,0,0,0
5080,0,0,0
5081,0,0,0
5082,0,0,0
5093,0,0,0
5094,0,0,0
5111,0,0,0
5112,0,0,0
5121,0,0,0
5127,0,0,0
5152,0,0,0
5162,0,0,0
5164,0,0,0
5165,0,0,0
5169,0,0,0
5170,0,0,0
5171,0,0,0
5172,0,0,0
5173,0,0,0
5181,0,0,0
5182,0,0,0
5186,0,0,0
5202,0,0,0
5203,0,0,0
5204,0,0,0
5205,0,0,0
5206,0,0,0
5215,0,0,0
5222,0,0,0
5228,0,0,0
5229,0,0,0
5230,0,0,0
5232,0,0,0
5237,0,0,0
5240,0,0,0
5256,0,0,0
5264,0,0,0
5265,0,0,0
5266,0,0,0
5270,0,0,0
5271,0,0,0
5274,0,0,0
5284,0,0,0
5287,0,0,0
5296,0,0,0
5301,0,0,0
5304,0,0,0
5306,0,0,0
5310,0,0,0
5312,0,0,0
5313,0,0,0
5314,0,0,0
5320,0,0,0
5321,0,0,0
5322,0,0,0
5329,0,0,0
5336,0,0,0
5341,0,0,0
5343,0,0,0
5362,0,0,0
5364,0,0,0
5366,0,0,0
5368,0,0,0
5370,0,0,0
5372,0,0,0
5374,0,0,0
5398,0,0,0
5403,0,0,0
5419,0,0,0
5420,0,0,0
5421,0,0,0
5441,0,0,0
5445,0,0,0
5449,0,0,0
5452,0,0,0
5454,0,0,0
5464,0,0,0
5473,0,0,0
5493,0,0,0
5498,0,0,0
5499,0,0,0
5502,0,0,0
5525,0,0,0
5528,0,0,0
5541,0,0,0
5542,0,0,0
5543,0,0,0
5561,0,0,0
5565,0,0,0
5586,0,0,0
5599,0,0,0
5602,0,0,0
5603,0,0,0
5604,0,0,0
5639,0,0,0
5651,0,0,0
5655,0,0,0
5671,0,0,0
5673,0,0,0
5676,0,0,0
5679,0,0,0
5683,0,0,0
5686,0,0,0
5688,0,0,0
5716,0,0,0
5723,0,0,0
5734,0,0,0
5735,0,0,0
5737,0,0,0
5743,0,0,0
5750,0,0,0
5752,0,0,0
5754,0,0,0
5759,0,0,0
5764,0,0,0
5777,0,0,0
5780,0,0,0
5781,0,0,0
5782,0,0,0
5784,0,0,0
5793,0,0,0
5794,0,0,0
5797,0,0,0
5800,0,0,0
5806,0,0,0
5811,0,0,0
5813,0,0,0
5815,0,0,0
5820,0,0,0
5826,0,0,0
5834,0,0,0
5835,0,0,0
5836,0,0,0
5837,0,0,0
5862,0,0,0
5868,0,0,0
5869,0,0,0
5870,0,0,0
5874,0,0,0
5875,0,0,0
5876,0,0,0
5879,0,0,0
5883,0,0,0
5886,0,0,0
5899,0,0,0
5917,0,0,0
5918,0,0,0
5919,0,0,0
5921,0,0,0
5928,0,0,0
5929,0,0,0
5932,0,0,0
5934,0,0,0
5951,0,0,0
5961,0,0,0
5964,0,0,0
5983,0,0,0
5984,0,0,0
5990,0,0,0
5996,0,0,0
6000,0,0,0
6010,0,0,0
6015,0,0,0
6016,0,0,0
6025,0,0,0
6026,0,0,0
6027,0,0,0
6031,0,0,0
6042,0,0,0
6046,0,0,0
6047,0,0,0
6055,0,0,0
6056,0,0,0
6081,0,0,0
6084,0,0,0
6085,0,0,0
6086,0,0,0
6087,0,0,0
6094,0,0,0
6099,0,0,0
6100,0,0,0
6101,0,0,0
6119,0,0,0
6120,0,0,0
6121,0,0,0
6131,0,0,0
6132,0,0,0
6141,0,0,0
6145,0,0,0
6146,0,0,0
6147,0,0,0
6155,0,0,0
6156,0,0,0
6188,0,0,0
6209,0,0,0
6227,0,0,0
6232,0,0,0
6237,0,0,0
6239,0,0,0
6240,0,0,0
6250,0,0,0
6263,0,0,0
6264,0,0,0
6279,0,0,0
6294,0,0,0
6297,0,0,0
6298,0,0,0
6299,0,0,0
6300,0,0,0
6301,0,0,0
6302,0,0,0
6303,0,0,0
6304,0,0,0
6325,0,0,0
6333,0,0,0
6334,0,0,0
6339,0,0,0
6340,0,0,0
6342,0,0,0
6343,0,0,0
6345,0,0,0
6347,0,0,0
6348,0,0,0
6349,0,0,0
6350,0,0,0
6352,0,0,0
6353,0,0,0
6355,0,0,0
6357,0,0,0
6364,0,0,0
6367,0,0,0
6368,0,0,0
6379,0,0,0
6381,0,0,0
6383,0,0,0
6385,0,0,0
6412,0,0,0
6417,0,0,0
6418,0,0,0
6421,0,0,0
6430,0,0,0
6431,0,0,0
6432,0,0,0
6436,0,0,0
6452,0,0,0
6488,0,0,0
6489,0,0,0
6498,0,0,0
6503,0,0,0
6504,0,0,0
6505,0,0,0
6507,0,0,0
6526,0,0,0
6527,0,0,0
6531,0,0,0
6534,0,0,0
6535,0,0,0
6553,0,0,0
6557,0,0,0
6558,0,0,0
6560,0,0,0
6561,0,0,0
6565,0,0,0
6595,0,0,0
6603,0,0,0
6625,0,0,0
6642,0,0,0
6645,0,0,0
6648,0,0,0
6670,0,0,0
6672,0,0,0
6682,0,0,0
6683,0,0,0
6701,1,0,0
6750,0,0,0
6756,0,0,0
6757,0,0,0
6766,0,0,0
6768,0,0,0
6769,0,0,0
6770,0,0,0
6772,0,0,0
6774,0,1,0
6783,0,0,0
6785,0,0,0
6794,0,0,0
6800,0,1,0
6801,0,1,0
6802,0,0,0
6810,0,0,0
6819,0,0,0
6820,0,0,0
6821,0,0,0
6823,0,0,0
6824,0,0,0
6843,0,0,0
6844,0,0,0
6845,0,0,0
6872,0,0,0
6873,0,0,0
6874,0,0,0
6881,0,0,0
6882,0,0,0
6895,0,0,0
6896,0,0,0
6897,0,0,0
6921,0,0,0
6922,0,0,0
6923,0,0,0
6932,0,0,0
6947,0,0,0
6948,0,0,0
6949,0,0,0
6959,0,0,0
6965,0,0,0
6968,0,0,0
6995,0,0,0
6997,0,0,0
7001,0,0,0
7023,0,0,0
7027,0,0,0
7034,0,0,0
7036,0,0,0
7042,0,0,0
7044,0,0,0
7055,0,0,0
7066,0,0,0
7075,0,0,0
7076,0,0,0
7082,0,0,0
7083,0,0,0
7084,0,0,0
7085,0,0,0
7086,0,0,0
7089,0,0,0
7090,0,0,0
7091,0,0,0
7097,0,0,0
7102,0,0,0
7103,0,0,0
7105,0,0,0
7107,0,0,0
7112,0,0,0
7122,0,0,0
7123,0,0,0
7124,0,0,0
7136,0,0,0
7142,0,0,0
7151,0,0,0
7152,0,0,0
7153,0,0,0
7158,0,0,0
7165,0,0,0
7167,0,0,0
7168,0,0,0
7169,0,0,0
7190,0,0,0
7198,0,0,0
7200,0,0,0
7205,0,0,0
7209,0,0,0
7211,0,0,0
7212,0,0,0
7213,0,0,0
7214,0,0,0
7215,0,0,0
7218,0,0,0
7222,0,0,0
7223,0,0,0
7229,0,0,0
7230,0,0,0
7231,0,0,0
7232,0,0,0
7233,0,0,0
7249,0,0,0
7250,0,0,0
7251,0,0,0
7252,0,0,0
7253,0,0,0
7256,0,0,0
7267,0,0,0
7272,0,0,0
7274,0,0,0
7300,0,0,0
7301,0,0,0
7307,0,0,0
7308,0,0,0
7321,0,0,0
7343,0,0,0
7345,0,0,0
7348,0,0,0
7349,0,0,0
7353,0,0,0
7357,0,0,0
7358,0,0,0
7359,0,0,0
7360,0,0,0
7361,0,0,0
7362,0,0,0
7363,0,0,0
7364,0,0,0
7365,0,0,0
7366,0,0,0
7367,0,0,0
7368,0,0,0
7369,0,0,0
7370,0,0,0
7376,0,0,0
7377,0,0,0
7378,0,0,0
7379,0,0,0
7386,0,0,0
7389,0,0,0
7392,0,0,0
7395,0,0,0
7396,0,0,0
7397,0,0,0
7399,0,0,0
7405,0,0,0
7406,0,0,0
7434,0,0,0
7437,0,0,0
7440,0,0,0
7443,0,0,1
7444,0,0,0
7449,0,0,0
7456,0,0,0
7457,0,0,0
7459,0,0,0
7461,0,0,0
7463,0,0,0
7465,0,0,0
7468,0,0,0
7469,0,0,0
7470,0,0,0
7471,0,0,0
7472,0,0,0
7473,0,0,0
7476,0,0,0
7513,0,0,0
7522,0,0,0
7523,0,0,0
7540,0,0,0
7547,0,0,0
7548,0,0,0
7550,0,0,0
7551,0,0,0
7552,0,0,0
7577,0,0,0
7578,0,0,0
7579,0,0,0
7580,0,0,0
7594,0,0,0
7600,0,0,0
7601,0,0,0
7604,0,0,0
7621,0,0,0
7622,0,0,0
7628,0,0,0
7640,0,0,0
7641,0,0,0
7649,0,0,0
7654,0,0,0
7671,0,0,0
7674,0,0,0
7704,0,0,0
7708,0,0,0
7709,0,0,0
7742,0,0,0
7744,0,0,0
7747,0,0,0
7748,0,0,0
7756,0,0,0
7758,0,0,0
7765,0,0,0
7787,0,0,0
7788,0,0,0
7789,0,0,0
7792,0,0,0
7797,0,0,0
7810,0,0,0
7811,0,0,0
7813,0,0,0
7814,0,0,0
7815,0,0,0
7816,0,0,0
7825,0,0,0
7826,0,0,0
7827,0,0,0
7835,0,0,0
7840,0,0,0
7843,0,0,0
7847,0,0,0
7848,0,0,0
7852,0,0,0
7859,0,0,0
7867,0,0,0
7876,0,0,0
7877,0,0,0
7880,0,0,0
7881,0,0,0
7900,0,0,0
7901,0,0,0
7916,0,0,0
7918,0,0,0
7920,0,0,0
7921,0,0,0
7926,0,0,0
7937,0,0,0
7938,0,0,0
7939,0,0,0
7946,0,0,0
7950,0,0,0
7957,0,0,0
7963,0,0,0
7964,0,0,0
7971,0,0,0
7985,0,0,0
8003,0,0,0
8005,0,0,0
8014,0,0,0
8015,0,0,0
8021,0,0,0
8029,0,0,0
8031,0,0,0
8037,0,0,0
8043,2,2,1
8048,0,0,0
8063,0,0,0
8072,0,0,0
8106,0,0,0
8121,0,0,0
8124,0,0,0
8125,0,0,0
8126,0,0,0
8217,0,0,0
8244,0,0,0
8246,0,0,0
8264,0,0,0
8265,0,0,0
8266,0,0,0
8287,0,0,0
8293,0,0,0
8298,0,0,0
8300,0,0,0
8305,0,0,0
8306,0,0,0
8307,0,0,0
8314,0,0,0
8315,0,0,0
8316,0,0,0
8333,0,1,0
8341,0,0,0
8352,0,0,0
8396,0,0,0
8406,0,0,0
8408,0,0,0
8425,0,0,0
8426,0,0,0
8427,0,0,0
8430,0,0,0
8432,0,0,0
8441,0,0,0
8442,0,0,0
8444,0,0,0
8445,0,0,0
8450,0,0,0
8460,0,0,0
8461,0,0,0
8466,0,0,0
8479,0,0,0
8481,0,0,0
8482,0,0,0
8483,0,0,0
8484,0,0,0
8499,0,0,0
8521,0,0,0
8527,0,0,0
8536,0,0,0
8540,0,0,0
8549,0,0,0
8570,0,0,0
8572,0,0,0
8578,0,0,0
8583,0,0,0
8591,0,0,0
8595,0,0,0
8603,0,0,0
8605,0,0,0
8616,0,0,0
8617,0,0,0
8636,0,0,0
8643,0,0,0
8645,0,0,0
8646,0,0,0
8647,0,0,0
8649,0,0,0
8651,0,0,0
8656,0,0,0
8664,0,0,0
8678,0,0,0
8680,0,0,0
8685,0,0,0
8686,0,0,0
8687,0,0,0
8689,0,0,0
8690,0,0,0
8700,0,0,0
8702,0,0,0
8706,0,0,0
8707,0,0,0
8710,0,0,0
8715,0,0,0
8719,0,0,0
8732,0,0,0
8735,0,0,0
8736,0,0,0
8741,0,0,0
8756,0,0,0
8760,1,3,1
8761,3,1,1
8776,2,2,1
8791,0,0,0
8804,0,0,0
8805,0,0,0
8806,0,0,0
8811,0,0,0
8817,0,0,0
8827,0,0,0
8830,0,0,0
8835,0,0,0
8844,0,0,0
8849,0,0,0
8854,0,0,0
8861,0,0,0
8885,0,0,0
8887,0,0,0
8904,0,0,0
8906,0,0,0
8907,0,0,0
8909,0,0,0
8913,0,0,0
8918,0,0,0
8919,0,0,0
8922,0,0,0
8923,0,0,0
8932,0,0,0
8938,0,0,0
8940,0,0,0
8963,0,0,0
8964,0,0,0
8965,0,0,0
8972,0,0,0
8973,0,0,0
8979,0,0,0
8980,0,0,0
8985,0,0,0
8994,0,0,0
8996,0,0,0
9002,0,0,0
9010,0,0,0
9014,0,0,0
9023,0,0,0
9032,0,0,1
9049,0,0,0
9095,0,0,0
9098,1,1,1
9099,1,0,0
9100,2,1,1
9101,2,0,0
9103,0,0,0
9105,0,0,0
9111,0,0,0
9112,0,0,0
9118,0,0,0
9119,0,0,0
9120,0,0,0
9144,0,0,0
9157,0,0,0
9197,0,0,0
9200,0,0,0
9205,0,0,0
9206,0,0,0
9220,0,0,0
9238,0,0,0
9241,0,0,0
9243,0,0,0
9244,0,0,0
9245,0,0,0
9246,0,0,0
9250,0,0,0
9251,0,0,0
9253,0,0,0
9254,0,0,0
9255,0,0,0
9256,0,0,0
9257,0,0,0
9258,0,0,0
9263,0,0,0
9264,0,0,0
9270,0,0,0
9271,0,0,0
9285,0,0,0
9286,0,0,0
9287,0,0,0
9291,0,0,0
9292,0,0,0
9293,0,0,0
9294,0,0,0
9296,0,0,0
9297,0,0,0
9302,0,0,0
9304,0,0,0
9305,0,0,0
9308,0,0,0
9311,0,0,0
9313,0,0,0
9314,0,0,0
9316,0,0,0
9319,0,0,0
9320,0,0,0
9321,0,0,0
9323,0,0,0
9324,0,0,0
9337,0,0,0
9338,0,0,0
9341,0,0,0
9350,0,0,0
9352,0,0,0
9355,0,0,0
9357,0,0,0
9361,0,0,0
9362,0,0,0
9363,0,0,0
9365,0,0,0
9368,0,0,0
9370,0,0,0
9371,0,0,0
9372,0,0,0
9373,0,0,0
9374,0,0,0
9391,0,0,0
9396,0,0,0
9399,0,0,0
9403,0,0,0
9413,0,0,0
9415,0,0,0
9419,0,0,0
9428,0,0,0
9434,0,0,0
9438,0,0,0
9447,0,0,0
9450,0,0,0
9456,0,0,0
9458,0,0,0
9466,0,0,0
9470,0,0,0
9473,0,0,0
9474,0,0,0
9476,0,0,0
9479,0,0,0
9498,0,0,0
9502,0,0,0
9503,0,0,0
9504,0,0,0
9534,0,0,0
9537,0,0,0
9542,0,0,0
9553,0,0,0
9562,0,0,0
9566,0,0,0
9567,0,0,0
9579,0,0,0
9583,0,0,0
9609,0,0,0
9612,0,0,0
9616,0,0,0
9617,0,0,0
9618,0,0,0
9643,0,0,0
9644,0,0,0
9645,0,0,0
9651,0,0,0
9652,0,0,0
9664,0,0,0
9665,0,0,0
9666,0,0,0
9689,0,0,0
9690,0,0,0
9691,0,0,0
9692,0,0,0
9693,0,0,0
9694,0,0,0
9697,0,0,0
9698,0,0,0
9699,1,0,0
9700,0,0,0
9701,1,0,0
9712,0,0,0
9713,0,0,0
9728,0,0,0
9730,0,0,0
9733,0,0,0
9738,0,0,0
9764,0,0,0
9765,0,0,0
9773,0,0,0
9783,0,0,0
9788,0,0,0
9791,0,0,0
9793,0,0,0
9794,0,0,0
9795,0,0,0
9799,0,0,0
9807,0,0,0
9808,0,0,0
9809,0,0,0
9810,0,0,0
9811,0,0,0
9812,0,0,0
9813,0,0,0
9814,0,0,0
9815,0,0,0
9816,0,0,0
9822,0,0,0
9828,0,0,0
9834,0,0,0
9837,0,0,0
9839,0,0,0
9840,0,0,0
9844,0,0,0
9854,0,0,0
9855,0,0,0
9879,0,0,0
9881,0,0,0
9892,0,0,0
9894,0,0,0
9898,0,0,0
9909,0,0,0
9910,0,0,0
9918,0,0,0
9923,0,0,0
9929,0,0,0
9974,0,0,0
9975,0,0,0
9976,0,0,0
9978,0,0,0
9979,0,0,0
9981,0,0,0
9982,0,0,0
9992,0,0,0
9994,0,0,0
10001,0,0,0
10008,0,0,0
10010,0,0,0
10016,0,0,0
10017,0,0,0
10022,0,0,0
10023,0,0,0
10037,0,0,0
10047,0,0,0
10049,0,0,0
10051,0,0,0
10053,0,0,0
10055,0,0,0
10057,0,0,0
10071,0,0,0
10073,0,0,0
10091,0,0,0
10094,0,0,0
10098,0,0,0
10104,0,0,0
10106,0,0,0
10117,0,0,0
10135,0,0,0
10137,0,0,0
10139,0,0,0
10142,0,0,0
10143,0,0,0
10145,0,0,0
10147,0,0,0
10150,0,0,0
10172,0,0,0
10199,0,0,0
10201,0,0,0
10207,0,0,0
10224,0,0,0
10234,0,0,0
10239,0,0,0
10240,0,0,0
10241,0,0,0
10256,0,0,0
10257,0,0,0
10258,0,0,0
10288,0,0,0
10291,0,0,0
10350,0,0,0
10358,0,0,0
10364,0,0,0
10366,0,0,0
10376,0,0,0
10379,0,0,0
10398,0,0,0
10422,0,0,0
10423,0,0,0
10439,0,0,0
10444,0,0,0
10445,0,0,0
10447,0,0,0
10449,0,0,0
10465,0,0,0
10469,0,0,0
10473,0,0,0
10477,0,0,0
10509,0,0,0
10518,0,0,0
10524,0,0,0
10528,0,0,0
10557,0,0,0
10586,0,0,0
10601,0,0,0
10609,0,0,0
10611,0,0,0
10612,0,0,0
10621,0,0,0
10638,0,0,0
10640,0,0,0
10641,0,0,0
10645,0,0,0
10646,0,0,0
10647,0,0,0
10657,0,0,0
10659,0,0,0
10661,0,0,0
10662,0,0,0
10663,0,0,0
10664,0,0,0
10670,0,0,0
10683,0,0,0
10685,0,0,0
10703,1,0,0
10704,1,0,0
10714,0,0,0
10715,0,0,0
10720,0,0,0
10721,0,0,0
10723,0,0,0
10725,0,0,0
10737,0,0,0
10742,0,0,0
10750,0,0,0
10758,0,0,0
10765,0,0,0
10767,0,0,0
10768,0,0,0
10809,0,0,0
10815,0,0,0
10822,0,0,0
10840,0,0,0
10844,0,0,0
10846,0,0,0
10853,0,0,0
10854,0,0,0
10861,0,0,0
10863,0,0,0
10883,0,0,0
10916,0,0,0
10947,0,0,0
10948,0,0,0
10950,0,0,0
10952,0,0,0
10963,0,0,0
10983,0,0,0
11055,0,0,0
11056,0,0,0
11057,0,0,0
11069,0,0,0
11099,0,0,0
11101,0,0,0
11104,0,0,0
11106,0,0,0
11128,0,0,0
11146,0,0,0
11173,0,0,0
11181,0,0,0
11190,0,0,0
11197,0,0,0
11232,0,0,1
11236,0,0,0
11237,0,0,0
11238,0,0,0
11240,0,0,0
11241,0,0,0
11248,0,0,0
11249,0,0,0
11275,0,0,0
11276,0,0,0
11278,0,0,0
11281,0,0,0
11312,0,0,0
11313,0,0,0
11314,0,0,0
11315,0,0,0
11343,0,0,0
11350,0,0,0
11351,0,0,0
11352,0,0,0
11357,0,0,0
11371,0,0,0
11395,0,0,0
11430,0,0,0
11433,0,0,0
11434,0,0,0
11435,0,0,0
11436,0,0,0
11437,0,0,0
11444,0,0,0
11445,0,0,0
11447,0,0,0
11451,0,0,0
11461,0,0,0
11474,0,0,0
11475,0,0,0
11476,0,0,0
11492,0,0,0
11500,0,0,0
11510,0,0,0
11512,0,0,0
11519,0,0,0
11520,0,0,0
11526,0,0,0
11550,0,0,0
11552,0,0,0
11559,0,0,0
11562,0,0,0
11563,0,0,0
11571,0,0,0
11576,0,0,0
11580,0,0,0
11584,0,0,0
11585,0,0,0
11586,0,0,0
11589,0,0,0
11592,0,0,0
11593,0,0,0
11594,0,0,0
11598,0,0,0
11601,0,0,0
11608,0,0,0
11619,0,0,0
11621,0,0,0
11622,0,0,0
11641,0,0,0
11643,0,0,0
11654,0,0,0
11656,0,0,0
11658,0,0,0
11664,0,0,0
11666,0,0,0
11677,0,0,0
11690,0,0,0
11697,0,0,0
11699,0,0,0
11700,0,0,0
11701,0,0,0
11710,0,0,0
11711,0,0,0
11716,0,0,0
11731,0,0,0
11748,0,0,0
11750,0,0,0
11756,0,0,0
11757,0,0,0
11761,0,0,0
11768,0,0,0
11774,0,0,0
11776,0,0,0
11784,0,0,0
11788,0,0,0
11789,0,0,0
11800,0,0,0
11802,0,0,0
11803,0,0,0
11804,0,0,0
11805,0,0,0
11806,0,0,0
11807,0,0,0
11812,0,0,0
11820,0,0,0
11821,0,0,0
11829,0,0,0
11835,0,0,0
11854,0,0,0
11855,0,0,0
11861,0,0,0
11870,0,0,0
11871,0,0,0
11872,0,0,0
11874,0,0,0
11876,0,0,0
11878,0,0,0
11880,0,0,0
11889,0,0,0
11895,0,0,0
11905,0,0,0
11915,0,0,0
11917,0,0,0
11918,0,0,0
11920,1,1,0
11924,0,0,0
11925,0,0,0
11927,0,0,0
11935,0,0,0
11947,0,0,0
11954,0,0,0
11965,0,0,1
11978,0,0,0
11991,0,0,0
12023,0,0,0
12035,0,0,0
12040,0,0,0
12043,0,0,0
12047,0,0,0
12060,0,0,0
12063,0,0,0
12064,0,0,0
12095,0,0,0
12100,0,0,0
12101,0,0,0
12118,0,0,0
12119,0,0,0
12120,0,0,0
12131,0,0,0
12132,0,0,0
12150,0,0,0
12166,0,0,0
12198,0,0,0
12229,0,0,0
12237,0,0,0
12241,0,0,0
12242,0,0,0
12243,0,0,0
12252,0,0,0
12265,0,0,0
12267,0,0,0
12269,0,0,0
12272,0,0,0
12273,0,0,0
12274,0,0,0
12276,0,0,0
12280,0,0,0
12284,0,0,0
12302,0,0,0
12303,0,0,0
12304,0,0,0
12314,0,0,0
12318,0,0,0
12322,0,0,0
12335,0,0,0
12343,0,0,0
12358,0,0,0
12359,0,0,0
12367,0,0,0
12368,0,0,0
12372,0,0,0
12383,0,0,0
12386,0,0,0
12389,0,0,0
12409,0,0,0
12426,0,0,0
12429,0,0,0
12432,0,0,0
12433,0,0,0
12434,0,0,0
12435,0,0,0
12438,0,0,0
12440,0,0,0
12441,0,0,0
12444,0,0,0
12446,0,0,0
12454,0,0,0
12463,0,0,0
12469,0,0,0
12471,0,0,0
12475,0,0,0
12476,0,0,0
12477,0,0,0
12485,0,0,0
12486,0,0,0
12487,0,0,0
12488,0,0,0
12497,0,0,0
12498,0,0,0
12499,0,0,0
12510,0,0,0
12511,0,0,0
12534,0,0,0
12542,0,1,1
12545,0,0,1
12555,0,0,0
12556,0,0,0
12557,0,0,0
12564,0,0,0
12569,0,0,0
12570,0,0,0
12572,0,0,0
12581,0,0,0
12582,0,0,0
12587,0,0,0
12590,0,0,0
12608,0,0,0
12610,0,0,0
12611,0,0,0
12631,0,0,0
12653,0,0,0
12699,0,0,0
12704,0,0,0
12712,1,1,1
12713,0,1,1
12718,1,1,1
12724,0,1,0
12735,0,0,0
12743,0,0,0
12744,0,0,0
12788,0,0,0
12799,0,0,0
12801,0,0,0
12808,0,0,0
12821,0,0,0
12822,0,0,0
12823,0,0,0
12838,0,0,0
12846,0,0,0
12847,0,0,0
12848,0,0,0
12850,0,0,0
12853,0,0,0
12855,0,0,0
12860,0,0,0
12861,0,0,0
12866,0,0,0
12908,0,0,0
12915,0,0,0
12916,0,0,0
12960,0,0,0
12970,0,0,0
12972,0,0,0
12981,0,0,0
12990,0,0,0
13014,0,0,0
13015,0,0,0
13019,0,0,0
13071,0,0,0
13080,0,0,0
13081,0,0,0
13088,0,0,0
13090,0,0,0
13095,0,0,0
13096,0,0,0
13116,0,0,0
13119,0,0,0
13120,0,0,0
13123,0,0,0
13128,0,0,0
13130,0,0,0
13131,0,0,0
13132,0,0,0
13133,0,0,0
13150,0,0,0
13160,0,0,0
13161,0,0,0
13172,0,0,0
13175,0,0,0
13176,0,0,0
13178,0,0,0
13184,0,0,0
13188,0,0,0
13194,0,0,0
13195,0,0,0
13200,0,0,0
13204,0,0,0
13215,0,0,0
13236,0,0,0
13237,0,0,0
13291,0,0,0
13299,0,0,0
13301,0,0,0
13308,0,0,0
13316,0,0,0
13317,0,0,0
13357,0,0,0
13383,0,0,0
13384,0,0,0
13393,0,0,0
13394,0,0,0
13395,0,0,0
13409,0,0,0
13410,0,0,0
13432,0,0,0
13435,0,0,0
13439,0,0,0
13445,0,0,0
13473,0,0,0
13487,0,0,0
13488,0,0,0
13489,0,0,0
13499,0,0,0
13501,0,0,0
13509,0,0,0
13511,0,0,0
13555,0,0,0
13558,0,0,0
13560,0,0,0
13563,0,0,0
13566,0,0,0
13568,0,0,0
13572,0,0,0
13573,0,0,0
13574,0,0,0
13578,0,0,0
13586,0,0,0
13603,0,0,0
13611,1,2,1
13612,3,2,1
13617,0,0,0
13624,2,2,1
13634,0,0,0
13641,0,0,0
13642,0,0,0
13644,0,0,0
13646,0,0,0
13648,0,0,0
13654,0,0,0
13657,0,0,0
13665,0,0,0
13668,0,0,0
13670,0,0,0
13673,0,0,0
13676,0,0,0
13677,0,0,0
13688,0,0,0
13689,0,0,0
13694,0,0,0
13700,0,0,0
13731,0,0,0
13738,0,0,0
13757,0,0,0
13759,0,0,0
13763,0,0,0
13764,0,0,0
13766,0,0,0
13769,0,0,0
13773,0,0,0
13775,0,0,0
13777,0,0,0
13780,0,0,0
13785,0,0,0
13796,0,0,0
13799,0,0,0
13806,0,0,0
13812,0,0,0
13813,0,0,0
13819,0,0,0
13821,0,0,0
13823,0,0,0
13824,0,0,0
13825,0,0,0
13826,0,0,0
13828,0,0,0
13830,0,0,0
13831,0,0,0
13832,0,0,0
13833,0,0,0
13834,0,0,0
13837,0,0,0
13839,0,0,0
13840,0,0,0
13842,0,0,0
13869,0,0,1
13872,0,0,0
13879,0,0,0
13880,0,0,0
13904,0,0,0
13905,2,2,1
13906,2,2,1
13917,0,0,0
13937,0,0,0
13941,0,0,0
13943,0,0,0
13946,0,0,0
13949,0,0,0
13952,0,0,0
13987,0,0,0
13991,0,0,0
13992,0,0,0
14002,0,0,0
14003,0,0,0
14006,0,0,0
14010,0,0,0
14015,0,0,0
14031,0,0,0
14032,0,0,0
14037,0,0,0
14044,0,0,0
14045,0,0,0
14046,0,0,0
14050,0,0,0
14051,0,0,0
14052,0,0,0
14063,0,0,0
14077,0,0,0
14078,0,0,0
14079,0,0,0
14080,0,0,0
14083,0,0,0
14084,0,0,0
14085,0,0,0
14088,0,0,0
14090,0,0,0
14091,0,0,0
14092,0,0,0
14113,0,0,0
14116,0,0,0
14120,0,0,0
14133,0,0,0
14134,0,0,0
14138,0,0,0
14139,0,0,0
14140,0,0,0
14151,0,0,0
14154,0,0,0
14155,0,0,0
14157,0,0,0
14160,0,0,0
14162,0,0,0
14165,0,0,0
14167,0,0,0
14178,0,0,0
14179,0,0,0
14184,0,0,0
14195,0,0,0
14196,0,0,0
14206,0,0,0
14210,0,0,0
14217,0,0,0
14221,0,0,0
14222,0,0,0
14227,0,0,0
14230,0,0,0
14231,0,0,0
14234,0,0,0
14248,0,0,0
14253,0,0,0
14254,0,0,0
14255,0,0,0
14256,0,0,0
14258,0,0,0
14261,0,0,0
14266,0,0,0
14268,0,0,0
14290,0,0,0
14300,0,0,0
14313,0,0,0
14321,0,0,0
14326,0,0,0
14327,0,0,0
14381,0,0,0
14383,0,0,0
14388,0,0,0
14389,0,0,0
14391,0,0,0
14401,0,0,0
14415,0,0,0
14462,0,0,0
14463,0,0,0
14471,0,0,0
14472,0,0,0
14489,0,0,0
14490,0,0,0
14491,0,0,0
14526,0,0,0
14544,0,0,0
14545,0,0,0
14546,0,0,0
14553,0,0,0
14555,0,0,0
14556,0,0,0
14561,0,0,0
14589,0,0,0
14590,0,0,0
14591,0,0,0
14611,0,0,0
14644,0,0,0
14646,0,0,0
14653,0,0,0
14676,0,0,0
14677,0,0,0
14678,0,0,0
14687,0,0,0
14740,0,0,0
14742,0,0,0
14749,0,0,0
14751,0,0,0
14769,0,0,0
14770,0,0,0
14778,0,0,0
14780,0,0,0
14805,0,0,0
14806,0,0,0
14827,0,0,0
14860,0,0,0
14861,0,0,0
14873,0,0,0
14877,0,0,0
14880,0,0,0
14881,0,0,0
14882,0,0,0
14883,0,0,0
14890,0,0,0
14909,0,0,0
14915,0,0,0
14954,0,0,0
14974,0,0,0
14985,0,0,0
14991,0,0,0
14992,0,0,0
15003,0,0,0
15047,0,0,0
15065,0,0,0
15075,0,0,0
15081,0,0,0
15099,0,0,0
15109,0,0,0
15127,0,0,0
15132,0,0,0
15136,0,0,0
15147,0,0,0
15148,0,0,0
15161,0,0,0
15162,0,0,0
15163,0,0,0
15164,0,0,0
15201,0,0,0
15203,0,0,0
15205,0,0,0
15209,0,0,0
15210,0,0,0
15216,0,0,0
15218,0,0,0
15253,2,0,1
15255,0,1,0
15263,0,0,0
15264,0,0,0
15265,0,0,0
15280,0,0,0
15281,1,0,0
15282,1,1,0
15297,0,0,0
15299,0,0,0
15308,0,0,0
15312,0,0,0
15313,0,0,0
15332,0,0,0
15338,0,0,1
15360,0,0,0
15377,0,0,0
15379,0,0,0
15394,0,0,0
15395,0,0,0
15413,0,0,0
15414,0,0,0
15453,0,0,0
15463,0,0,0
15474,0,0,0
15475,0,0,0
15476,0,0,0
15506,0,0,0
15508,0,0,0
15537,0,0,0
15584,0,0,0
15588,0,0,0
15589,0,0,0
15614,0,0,0
15615,0,0,0
15618,0,0,0
15625,0,0,0
15626,0,0,0
15627,0,0,0
15633,0,0,0
15638,0,0,0
15641,0,0,0
15683,0,0,0
15685,0,0,0
15691,0,0,0
15692,0,0,0
15693,0,0,0
15694,0,0,0
15696,0,0,0
15701,0,0,0
15709,0,0,0
15714,0,0,0
15716,0,0,0
15758,0,0,0
15760,0,0,0
15796,0,0,0
15797,0,0,0
15823,0,0,0
15831,0,0,0
15859,0,0,0
15861,0,0,0
15867,0,0,0
15886,0,0,0
15896,0,0,0
15897,0,0,0
15915,0,0,0
15933,0,0,0
15953,0,0,0
15998,0,0,0
16004,0,0,0
16027,0,0,0
16041,0,0,0
16042,0,0,0
16052,0,0,0
16055,0,0,0
16061,0,0,0
16062,0,0,0
16071,0,0,0
16078,0,0,0
16096,0,0,0
16097,0,0,0
16098,0,0,0
16105,0,0,0
16108,0,0,0
16110,0,0,0
16146,0,0,0
16147,0,0,0
16170,0,0,0
16211,0,0,0
16231,0,0,0
16298,0,0,0
16310,0,0,0
16311,0,0,0
16317,0,0,0
16334,0,0,0
16372,0,0,0
16377,0,0,0
16386,0,0,0
16387,0,0,0
16388,0,0,0
16390,0,0,0
16391,0,0,0
16404,0,0,0
16455,0,0,0
16470,0,0,0
16471,0,0,0
16495,0,0,0
16501,0,0,0
16503,0,0,0
16504,0,0,0
16533,0,0,0
16536,0,0,0
16541,0,0,0
16550,0,0,0
16576,0,0,0
16577,0,0,0
16578,0,0,0
16630,0,0,0
16687,0,0,0
16708,0,0,0
16735,0,0,0
16782,2,2,0
16803,0,0,0
16807,0,0,0
16824,0,0,0
16833,0,0,0
16838,0,0,0
16848,0,0,0
16860,0,0,0
16861,0,0,0
16871,0,0,0
16901,0,0,0
16904,0,0,0
16922,0,0,0
16924,0,0,0
16939,0,0,0
16981,0,0,0
16983,0,0,0
16998,0,0,0
17004,0,0,0
17058,0,0,0
17069,0,0,0
17087,0,0,0
17126,0,0,0
17139,0,0,0
17140,0,0,0
17145,0,0,0
17146,0,0,0
17172,0,0,0
17177,0,0,0
17228,0,0,0
17282,0,0,0
17293,0,0,0
17320,0,0,0
17325,0,0,0
17392,0,0,0
17394,0,0,0
17409,0,0,0
17413,0,0,0
17414,0,0,0
17438,0,0,0
17454,0,0,0
17481,0,0,0
17494,0,0,0
17548,0,0,0
17549,0,0,0
17550,0,0,0
17551,0,0,0
17553,0,0,0
17555,0,0,0
17594,0,0,0
17596,0,0,0
17599,0,0,0
17616,0,0,0
17618,0,0,0
17619,0,0,0
17642,0,0,0
17645,0,0,0
17647,0,0,0
17648,0,0,0
17686,0,0,0
17696,0,0,0
17702,0,0,0
17703,0,0,0
17712,0,0,0
17723,0,0,0
17730,0,0,0
17731,0,0,0
17793,0,0,0
17800,0,0,0
17819,0,0,0
17825,0,0,0
17827,0,0,0
17844,0,0,0
17845,0,0,0
17856,0,0,0
17864,0,0,0
17865,0,0,0
17866,0,0,0
17867,0,0,0
17874,0,0,0
17910,0,0,0
17931,0,0,0
17962,0,0,0
17963,0,0,0
17986,0,0,0
18002,0,1,0
18026,0,0,0
18095,0,0,0
18229,0,0,0
18272,0,0,0
18349,0,0,0
18415,0,0,0
18416,0,0,0
18417,0,0,0
18447,0,0,0
18449,0,0,0
18451,0,0,0
18454,0,0,0
18470,0,0,0
18471,0,0,0
18493,0,0,0
18533,0,0,0
18566,0,0,0
18587,0,0,0
18613,0,0,0
18628,0,0,0
18685,0,0,0
18691,0,0,0
18692,0,0,0
18757,0,0,0
18758,0,0,0
18886,0,0,0
18895,0,0,0
18896,0,0,0
18899,0,0,0
18914,0,0,0
18964,0,0,0
18965,0,0,0
18966,0,0,0
18980,0,0,0
19024,0,0,0
19102,0,0,0
19145,0,0,0
19180,0,0,0
19193,0,0,0
19206,0,0,0
19226,0,0,0
19235,0,0,0
19236,0,0,0
19251,0,0,0
19306,0,0,0
19340,0,0,0
19342,0,0,0
19368,0,0,0
19420,0,0,0
19432,0,0,0
19433,0,0,0
19437,0,0,0
19439,0,0,0
19470,0,0,0
19472,0,0,0
19487,0,0,0
19497,0,0,0
19498,0,0,0
19533,2,1,0
19544,0,0,0
19619,0,0,0
19620,0,0,0
19621,0,0,0
19644,0,0,0
19646,0,0,0
19665,0,0,0
19666,0,0,0
19668,0,0,0
19669,0,0,0
19691,0,0,0
19739,0,0,0
19749,0,0,0
19755,1,0,1
19757,0,0,0
19764,0,0,0
19767,1,1,1
19768,1,0,1
19794,0,0,0
19799,0,0,0
19813,0,0,0
19814,0,0,0
19815,0,0,0
19824,1,0,1
19826,0,0,0
19829,0,0,0
19830,0,0,0
19886,0,0,0
19887,0,0,0
19888,0,0,0
19895,0,0,0
19909,0,0,0
19917,0,0,0
19937,0,0,0
19944,0,0,0
19975,0,0,0
19976,0,0,0
19980,0,0,0
19990,0,0,0
19997,0,0,0
19998,0,0,0
20000,0,0,0
20006,0,0,0
20008,0,0,0
20011,0,0,0
20022,0,0,0
20023,0,0,0
20058,0,0,0
20090,0,0,0
20114,0,0,0
20132,0,0,0
20178,0,0,0
20179,0,0,0
20229,0,0,0
20247,0,0,0
20271,0,0,0
20272,0,0,0
20273,0,0,0
20284,0,0,0
20289,0,0,0
20291,0,0,0
20292,0,0,0
20294,0,0,0
20310,0,0,0
20311,0,0,0
20316,0,0,0
20320,0,0,0
20321,0,0,0
20322,0,0,0
20355,0,0,0
20357,0,0,0
20371,0,0,0
20372,0,0,0
20392,0,0,0
20393,0,0,0
20394,0,0,0
20411,0,0,0
20440,0,0,0
20446,0,0,0
20456,0,0,0
20460,0,0,0
20461,0,0,0
20466,0,0,0
20467,0,0,0
20469,0,0,0
20471,0,0,0
20475,0,0,0
20493,0,0,0
20494,0,0,0
20497,0,0,0
20498,0,0,0
20502,0,0,0
20504,0,0,0
20510,0,0,0
20515,0,0,0
20516,0,0,0
20523,0,0,0
20532,0,0,0
20536,0,0,0
20537,0,0,0
20539,0,0,0
20540,0,0,0
20541,0,0,0
20542,0,0,0
20543,0,0,0
20552,0,0,0
20553,0,0,0
20555,0,0,0
20557,0,0,0
20559,0,0,0
20568,0,0,0
20570,0,0,0
20572,0,0,0
20575,0,0,0
20583,0,0,0
20584,0,0,0
20585,0,0,0
20612,0,0,0
20618,0,0,0
20629,0,0,0
20633,0,0,0
20634,0,0,0
20637,0,0,0
20639,0,0,0
20645,0,0,0
20671,0,0,0
20697,2,0,0
20733,0,0,0
20736,0,0,0
20749,0,0,0
20756,0,0,0
20758,0,0,0
20759,0,0,0
20763,0,0,0
20773,2,1,1
20791,0,0,0
20827,0,0,0
20832,0,0,0
20880,0,0,0
20923,0,0,0
20924,0,0,0
20970,0,0,0
20977,0,0,0
20981,0,0,0
20982,1,3,1
21046,0,0,0
21057,0,0,0
21071,0,0,0
21109,0,0,0
21117,0,0,0
21119,0,0,0
21120,2,0,1
21121,2,0,1
21122,2,0,0
21125,0,0,0
21126,0,0,0
21158,2,0,1
21187,0,0,0
21188,0,0,0
21191,0,0,0
21195,0,0,0
21206,0,0,0
21207,0,0,0
21230,0,0,0
21238,0,0,0
21328,0,0,0
21337,0,0,0
21348,0,0,0
21350,0,0,0
21368,0,0,0
21380,0,0,0
21412,0,0,0
21432,0,0,0
21433,0,0,0
21448,0,0,0
21451,0,0,0
21482,0,0,0
21586,0,0,0
21589,0,0,0
21603,0,0,0
21620,0,0,0
21642,0,0,0
21644,0,0,0
21649,0,0,0
21681,0,0,0
21684,0,0,0
21685,0,0,0
21688,0,0,0
21689,0,0,0
21690,0,0,0
21713,0,0,0
21728,0,0,0
21741,0,0,0
21750,0,0,0
21754,0,0,0
21756,0,0,0
21760,0,0,0
21778,0,0,0
21792,0,0,0
21794,0,0,0
21850,0,0,0
21867,1,1,0
21871,1,0,0
21927,0,0,0
21935,0,0,0
21993,0,0,0
22014,0,0,0
22030,0,0,0
22031,0,0,0
22032,0,0,0
22036,0,0,0
22037,0,0,0
22038,0,0,0
22050,0,0,0
22056,0,0,0
22057,0,0,0
22093,0,0,0
22094,1,1,1
22096,1,1,1
22101,0,0,0
22127,0,0,0
22154,0,0,0
22169,0,0,0
22175,0,0,0
22176,0,0,0
22192,0,0,0
22215,0,0,0
22249,0,0,0
22268,0,0,0
22355,0,0,0
22371,0,0,0
22374,0,0,0
22406,0,0,0
22407,0,0,0
22409,0,0,0
22449,0,0,0
22456,0,0,0
22477,0,0,0
22482,0,0,0
22485,0,0,0
22486,0,0,0
22501,0,0,0
22518,0,0,0
22561,0,0,0
22568,0,0,0
22569,0,0,0
22581,0,0,0
22583,0,0,0
22596,0,0,0
22608,0,0,0
22634,0,0,0
22635,0,0,0
22636,0,0,0
22643,0,0,0
22647,0,0,0
22649,0,0,0
22718,0,0,0
22720,0,0,0
22725,0,0,0
22727,0,0,0
22745,0,0,0
22749,0,0,0
22830,0,0,0
22937,0,0,0
22938,0,0,0
22974,0,0,0
22993,0,0,0
22996,0,0,0
22997,0,0,0
23032,0,0,0
23055,0,0,0
23062,0,0,0
23069,0,0,0
23071,0,0,0
23079,0,0,0
23092,0,0,0
23132,0,0,0
23182,0,0,0
23253,0,0,0
23287,0,0,0
23290,0,0,0
23310,0,0,0
23378,0,0,0
23380,0,0,0
23436,0,0,0
23445,0,0,0
23477,0,0,0
23540,0,0,0
23621,0,0,0
23625,0,0,0
23632,0,0,0
23638,0,0,0
23658,0,0,0
23662,0,0,0
23673,0,0,0
23678,0,0,0
23684,0,0,0
23699,0,0,0
23710,0,0,0
23734,0,0,0
23735,0,0,0
23736,0,0,0
23759,0,0,0
23761,0,0,0
23799,0,0,0
23801,0,0,0
23837,0,0,0
23855,0,0,0
23857,0,0,0
23945,0,0,0
24019,0,0,0
24040,0,0,0
24054,0,0,0
24055,0,0,0
24056,0,0,0
24059,0,0,0
24091,1,0,1
24125,0,0,0
24128,0,0,0
24143,0,0,0
24145,0,0,0
24174,0,0,0
24188,0,0,0
24189,0,0,0
24190,0,0,0
24218,0,0,0
24221,0,0,0
24222,0,0,0
24242,0,0,0
24243,0,0,0
24247,0,0,0
24262,0,0,0
24280,0,0,0
24282,0,0,0
24285,0,0,0
24291,0,0,0
24294,0,0,0
24295,0,0,0
24296,0,0,0
24299,0,0,0
24300,0,0,0
24301,0,0,0
24309,0,0,0
24315,0,0,0
24316,0,0,0
24317,0,0,0
24348,0,0,0
24362,0,0,0
24408,0,0,0
24411,0,0,0
24420,0,0,0
24422,0,0,0
24438,0,0,0
24449,0,0,0
24455,0,0,0
24465,0,0,0
24475,0,0,0
24477,0,0,0
24478,0,0,0
24479,0,0,0
24480,0,0,0
24490,0,0,0
24491,0,0,0
24499,0,0,0
24531,0,0,0
24532,0,0,0
24552,0,0,0
24590,0,0,0
24592,2,1,0
24597,0,0,0
24608,0,0,0
24638,0,0,0
24652,0,0,0
24692,0,0,0
24769,0,0,0
24860,0,0,0
24941,0,0,0
24986,0,0,0
25020,0,0,0
25042,0,0,0
25080,0,0,0
25096,0,0,0
25097,0,0,0
25101,0,0,0
25148,0,0,0
25174,0,0,0
25177,0,0,0
25202,0,0,0
25217,0,0,0
25225,0,0,0
25228,0,0,0
25229,0,0,0
25237,0,0,0
25248,0,0,0
25249,0,0,0
25253,0,0,0
25282,0,0,0
25292,0,0,0
25336,0,0,0
25338,0,0,0
25350,0,0,0
25353,0,0,0
25370,0,0,0
25414,0,0,0
25416,0,0,0
25420,0,0,0
25447,0,0,0
25473,0,0,0
25560,0,0,0
25584,0,0,0
25630,0,0,0
25648,0,0,0
25702,0,0,0
25703,0,0,0
25704,0,0,0
25705,0,0,0
25707,0,0,0
25709,0,0,0
25717,0,0,0
25723,0,0,0
25801,0,0,0
25811,0,0,0
25842,0,0,0
25972,0,0,0
26065,0,0,0
26110,0,0,0
26121,0,0,0
26129,0,0,0
26156,0,0,0
26271,0,0,0
26304,0,0,0
26311,0,0,0
26312,0,0,0
26321,0,0,0
26327,0,0,0
26338,0,0,0
26339,0,0,0
26342,0,0,0
26360,0,0,0
26363,0,0,0
26364,0,0,0
26366,0,0,0
26367,0,0,0
26368,0,0,0
26388,0,0,0
26528,0,0,0
26562,0,0,0
26601,0,0,0
26650,0,0,0
26708,0,0,0
26778,0,0,0
26780,0,0,0
26787,0,0,0
26788,0,0,0
26791,0,0,0
26796,0,0,0
26797,0,0,0
26803,0,0,0
26807,0,0,0
26808,0,0,0
26861,0,0,0
26930,0,0,0
26982,0,0,0
26987,0,0,0
26994,0,0,0
26995,0,0,0
26996,0,0,0
26998,0,0,0
27003,0,0,0
27032,0,0,0
27164,0,0,0
27169,0,0,0
27179,0,0,0
27186,0,0,0
27188,0,0,0
27213,0,0,0
27242,0,0,0
27259,0,0,0
27357,0,0,0
27389,0,0,0
27429,0,0,0
27430,0,0,0
27446,0,0,0
27457,0,0,0
27467,0,0,0
27472,0,0,0
27522,0,0,0
27557,0,0,0
27561,0,0,0
27566,0,0,0
27576,0,0,0
27650,0,0,0
27652,0,0,0
27661,0,0,0
27667,0,0,0
27671,0,0,0
27676,0,0,0
27677,0,0,0
27709,0,0,0
27714,0,0,0
27725,0,0,0
27734,0,0,0
27763,0,0,0
27830,0,0,0
27837,0,0,0
27851,0,0,0
27872,0,0,0
27876,0,0,0
27887,0,0,0
27912,0,0,0
27919,0,0,0
27962,0,0,0
27963,0,0,0
27964,0,0,0
27970,0,0,0
27978,0,0,0
27979,0,0,0
27986,0,0,0
27987,0,0,0
27988,0,0,0
28010,0,0,0
28014,0,0,0
28015,0,0,0
28017,0,0,0
28023,0,0,0
28024,0,0,0
28026,0,0,0
28034,0,0,0
28054,0,0,0
28060,0,0,0
28061,0,0,0
28062,0,0,0
28063,0,0,0
28064,0,0,0
28067,0,0,0
28072,0,0,0
28075,0,0,0
28083,0,0,0
28086,0,0,0
28087,0,0,0
28091,0,0,0
28094,0,0,0
28096,0,0,0
28097,0,0,0
28099,0,0,0
28100,0,0,0
28101,0,0,0
28102,0,0,0
28104,0,0,0
28112,0,0,0
28117,0,0,0
28119,0,0,0
28122,0,0,0
28123,0,0,0
28131,0,0,0
28135,0,0,0
28142,0,0,0
28148,0,0,0
28153,0,0,0
28155,0,0,0
28163,0,0,0
28164,0,0,0
28166,0,0,0
28168,0,0,0
28172,0,0,0
28173,0,0,0
28175,0,0,0
28176,0,0,0
28177,0,0,0
28179,0,0,0
28181,0,0,0
28182,0,0,0
28187,0,0,0
28191,0,0,0
28193,0,0,0
28194,0,0,0
28203,0,0,0
28205,0,0,0
28206,0,0,0
28215,0,0,0
28220,0,0,0
28221,0,0,0
28230,0,0,0
28233,0,0,0
28236,0,0,0
28238,0,0,0
28242,0,0,0
28243,0,0,0
28244,0,0,0
28245,0,0,0
28247,0,0,0
28258,0,0,0
28260,0,0,0
28261,0,0,0
28262,0,0,0
28268,0,0,0
28272,0,0,0
28273,0,0,0
28274,0,0,0
28275,0,0,0
28276,0,0,0
28278,0,0,0
28279,0,0,0
28281,0,0,0
28282,0,0,0
28288,0,0,0
28289,0,0,0
28290,0,0,0
28291,0,0,0
28292,0,0,0
28294,0,0,0
28295,0,0,0
28297,0,0,0
28298,0,1,0
28299,0,1,0
28300,0,1,0
28301,1,3,1
28303,0,0,0
28304,0,0,1
28306,0,0,0
28307,0,0,0
28310,0,0,0
28313,0,0,0
28314,0,0,0
28315,0,0,0
28316,0,0,0
28317,0,0,0
28320,0,0,0
28322,0,0,0
28323,0,0,0
28325,0,0,0
28326,0,0,0
28329,0,0,0
28331,0,1,1
28333,0,0,0
28334,0,0,0
28335,0,0,0
28336,0,0,1
28339,0,0,0
28340,0,0,0
28341,0,0,0
28344,0,0,0
28348,0,0,0
28349,0,0,0
28350,0,0,0
28351,0,0,0
28354,0,0,0
28359,0,0,0
28360,0,0,0
28363,0,0,0
28364,0,0,0
28365,0,0,0
28366,0,0,0
28368,2,3,1
28369,0,0,0
28370,2,2,1
28371,0,0,0
28376,0,0,0
28377,0,0,0
28379,0,0,0
28390,0,0,0
