edgeID,group1,group2,group3,group0,group4,group5,population,nullGroup
9,5,3,2,1,0,2,15,21
24,6,3,2,2,0,1,9,13
32,8,2,8,2,2,3,15,14
37,6,3,5,3,2,3,17,12
38,3,3,1,7,3,1,13,21
39,0,0,0,1,0,0,3,0
40,3,3,1,6,3,1,12,21
41,4,3,1,5,3,1,11,19
42,4,4,3,6,3,1,14,26
43,3,1,4,1,0,0,6,12
44,4,4,5,1,0,0,9,17
45,1,2,2,0,0,0,4,13
46,2,2,3,1,0,0,4,3
56,2,4,0,1,2,4,19,20
57,1,1,1,1,2,3,17,18
67,5,2,5,3,1,1,15,13
68,2,2,4,1,0,0,4,6
70,5,2,3,1,0,1,5,8
71,6,2,8,2,1,2,16,13
77,3,4,4,4,3,1,28,26
78,2,5,2,1,1,1,8,10
79,7,5,6,3,2,2,34,26
82,12,8,12,3,0,3,46,48
83,12,9,9,5,1,2,27,38
84,11,8,10,4,2,1,23,37
85,5,9,8,3,1,2,16,19
86,6,7,4,2,3,2,17,30
87,4,5,3,2,3,1,17,22
88,1,2,1,0,0,1,1,7
89,8,8,10,4,3,4,23,36
90,5,0,4,2,1,3,14,21
92,1,0,0,0,0,2,2,4
93,4,3,1,1,0,0,10,10
94,4,3,2,1,0,1,9,11
96,0,0,0,0,0,0,1,2
100,1,0,0,0,0,0,2,1
101,8,3,7,0,1,5,29,29
105,8,10,10,2,1,7,32,27
125,0,0,1,0,0,0,1,1
127,0,0,0,0,0,0,0,0
128,0,0,1,0,0,0,1,1
133,2,1,3,1,0,0,7,4
134,5,1,0,0,0,4,11,10
135,6,2,3,2,1,4,19,11
137,0,0,2,1,0,0,1,6
138,2,1,5,2,1,0,9,9
139,0,1,2,0,0,1,8,5
140,2,1,4,0,1,0,11,5
142,0,1,1,0,0,0,5,4
144,2,1,4,2,0,0,7,5
145,2,2,3,1,0,0,8,8
146,1,0,1,1,0,0,4,1
147,1,1,0,0,0,0,1,2
151,10,2,11,5,3,3,25,30
152,7,3,11,2,2,2,29,19
153,7,3,8,3,1,3,18,25
156,0,1,1,3,1,0,4,7
158,1,0,1,3,0,0,2,1
159,7,3,9,4,0,3,25,30
166,10,8,5,1,1,2,22,20
167,7,1,3,1,2,3,16,24
173,1,1,3,2,0,2,5,6
174,5,3,5,1,1,3,17,20
175,8,4,3,3,2,0,12,14
176,9,7,2,5,1,0,13,14
177,5,4,4,3,0,3,17,23
182,0,1,1,0,2,1,7,4
183,2,5,1,0,0,0,14,9
186,2,5,1,0,0,0,14,8
188,0,0,0,0,0,0,0,1
190,2,5,4,1,0,1,21,15
206,2,6,1,1,3,0,14,9
214,1,0,0,0,2,0,6,6
227,2,0,1,0,0,1,3,6
229,3,0,0,0,0,0,3,3
230,2,0,0,0,0,0,3,3
231,1,0,0,0,0,0,0,0
237,3,1,0,1,0,0,4,5
239,2,0,1,0,1,5,6,5
241,9,3,3,4,0,3,20,27
244,4,0,1,1,1,0,5,12
247,0,0,0,0,0,0,0,0
252,0,1,1,0,0,0,2,6
269,1,0,1,0,1,1,6,2
270,0,0,2,0,0,0,2,1
274,3,2,3,0,0,1,5,8
275,0,0,0,0,0,0,3,1
279,1,0,2,0,0,1,3,2
281,0,0,0,0,0,0,0,2
282,3,3,2,1,2,4,8,7
283,3,3,2,1,2,4,8,9
287,1,0,0,0,1,0,4,3
295,5,0,6,1,1,4,14,11
296,2,0,4,1,0,0,7,5
299,1,0,0,0,0,2,6,7
300,5,1,6,1,1,0,5,8
301,4,1,6,0,0,0,4,7
302,2,0,0,0,0,0,2,3
303,1,0,0,1,1,0,3,4
304,4,1,2,0,0,2,8,5
307,5,1,2,0,0,1,5,6
309,4,1,2,0,1,5,16,15
310,9,1,2,0,1,6,17,16
311,5,1,2,1,1,2,9,7
312,0,0,0,0,1,0,0,1
313,5,1,2,1,2,2,10,8
314,0,0,0,0,0,0,1,0
324,0,0,0,0,0,0,0,3
329,0,0,0,0,0,0,6,1
331,1,2,2,0,0,0,3,6
332,3,6,5,1,0,0,19,20
333,2,6,3,0,0,0,19,13
334,2,4,2,0,0,0,10,14
340,4,2,3,1,2,1,12,7
341,4,4,4,1,2,1,14,15
343,3,3,1,0,0,3,10,12
345,3,2,2,0,1,0,5,3
349,2,1,4,1,0,0,6,10
350,5,2,4,2,2,4,13,16
351,5,1,3,1,2,4,10,11
352,1,0,4,0,0,0,5,7
353,1,1,4,2,1,2,12,17
354,1,1,3,2,1,2,9,12
355,1,2,4,1,2,3,9,14
356,0,1,2,0,0,2,6,6
357,2,1,2,1,1,1,7,8
362,3,2,2,1,1,4,9,13
365,5,0,0,1,1,1,6,13
366,3,4,1,3,1,4,15,22
368,4,2,2,0,1,0,10,9
369,8,6,2,1,3,0,27,11
370,15,7,5,6,3,3,43,43
371,7,6,3,5,3,3,19,32
372,5,0,4,1,1,3,10,11
373,5,0,1,0,1,2,1,6
374,3,1,2,0,1,0,8,3
375,2,1,1,0,1,1,7,6
377,1,0,2,2,0,1,5,3
378,6,0,2,1,1,4,13,14
380,1,0,5,2,1,1,4,6
381,4,0,3,1,2,4,9,11
388,2,1,3,2,1,3,17,13
393,8,3,6,4,5,7,38,33
394,9,4,8,4,5,3,52,47
395,3,2,2,3,2,7,9,12
396,6,3,8,2,2,5,32,27
398,6,1,3,1,3,2,23,19
400,2,3,5,4,2,5,21,16
401,2,1,3,2,0,3,16,12
402,1,2,2,2,2,4,12,5
403,1,0,1,0,0,0,4,2
404,7,5,4,5,3,3,20,35
405,6,5,5,5,3,3,22,35
406,4,1,4,4,0,5,11,13
407,4,0,5,2,0,2,9,6
408,19,8,6,8,3,6,41,42
409,15,7,5,6,3,3,43,43
411,3,4,4,1,0,2,17,22
413,14,8,6,8,3,5,43,38
424,2,1,0,1,1,1,8,13
427,1,0,6,0,0,5,18,15
428,1,0,0,1,0,0,5,4
429,1,0,3,0,0,4,13,10
430,5,2,7,2,2,7,29,27
431,4,2,5,3,2,3,24,29
434,1,1,3,1,0,2,8,5
435,1,0,0,1,1,0,7,5
436,5,1,3,1,2,2,21,21
437,3,1,2,3,1,1,13,14
443,4,2,6,3,2,2,21,25
445,0,0,1,0,0,0,2,3
447,2,2,3,1,0,2,7,9
448,2,2,4,1,2,4,18,18
452,0,0,0,0,0,0,0,0
469,1,1,2,1,1,1,4,10
482,5,0,1,0,0,3,2,5
483,3,1,2,0,0,1,6,7
485,1,1,2,0,1,0,3,4
490,5,0,2,1,0,3,10,10
491,6,1,2,0,1,2,12,9
493,5,0,3,1,1,1,15,14
495,2,1,3,1,0,1,12,10
496,4,1,1,0,0,0,7,9
503,3,0,5,2,0,2,9,7
504,5,2,4,7,5,7,21,25
505,8,2,9,9,5,9,30,32
506,5,2,2,2,2,4,18,19
511,7,6,10,3,2,6,43,42
512,1,2,9,2,0,1,9,21
517,3,2,1,0,0,0,5,6
519,0,0,0,0,0,0,1,1
531,7,2,1,0,0,1,10,9
536,17,2,7,0,1,3,34,28
547,1,0,1,0,0,0,2,3
558,3,2,6,1,0,3,13,9
560,2,1,3,1,0,1,7,8
565,7,6,4,4,2,2,23,26
567,8,6,5,0,0,6,28,37
592,0,1,0,0,0,0,0,0
593,2,1,1,0,0,0,3,2
595,0,1,0,0,0,0,2,0
597,0,0,0,0,0,0,2,0
609,0,0,3,1,1,0,2,2
612,0,0,0,0,0,0,2,2
615,2,1,1,0,0,0,5,3
616,0,0,0,0,0,0,2,1
617,2,1,1,0,0,0,5,4
622,2,2,3,1,0,0,11,15
626,1,0,1,3,1,0,5,7
627,1,0,1,3,1,0,3,7
629,2,2,0,0,0,0,2,2
633,5,3,2,2,1,1,6,8
634,5,5,2,2,1,1,8,12
635,5,4,2,2,2,2,8,10
637,4,2,1,2,2,1,6,4
642,8,3,4,2,1,5,24,31
646,8,2,4,1,1,4,23,27
647,0,0,0,1,0,1,6,5
648,8,2,4,1,1,4,23,27
651,0,0,0,0,0,0,0,0
652,3,1,3,1,0,3,14,10
653,12,3,3,2,1,3,22,22
658,6,3,1,2,1,4,14,11
659,6,1,0,1,1,2,17,13
660,4,1,1,1,2,4,10,12
661,0,1,0,0,0,2,1,0
665,1,0,0,0,0,0,2,2
668,0,0,0,0,0,0,0,3
669,1,0,0,0,0,1,0,2
671,0,0,0,0,0,1,1,4
672,5,0,1,1,1,1,7,6
677,0,1,1,0,1,1,3,2
678,1,1,1,0,1,1,2,1
679,1,0,1,0,0,0,3,2
680,1,0,1,0,0,0,3,2
690,1,2,3,2,1,2,8,8
692,1,0,0,1,1,2,1,1
695,2,1,5,1,1,4,9,16
699,7,5,5,3,1,4,17,21
700,1,3,2,0,2,0,7,6
701,6,4,5,3,1,4,16,19
702,4,3,5,2,1,4,18,18
703,0,1,0,1,0,2,2,5
707,4,2,5,1,0,3,13,16
708,7,6,6,1,3,5,16,28
715,4,4,13,3,1,4,26,25
721,4,1,4,2,2,3,17,13
723,4,2,2,0,3,1,12,6
724,4,1,3,0,0,0,10,7
726,2,1,1,0,3,1,4,3
732,0,0,0,0,1,0,1,1
734,0,0,0,0,1,0,1,2
737,0,1,1,0,0,0,4,4
738,2,1,2,0,0,0,8,7
741,4,1,0,0,0,2,17,11
742,2,1,0,0,0,1,8,7
743,4,1,0,0,0,1,12,9
744,12,5,8,4,3,2,55,39
746,2,1,4,2,0,3,13,14
747,7,4,6,3,2,1,40,27
752,11,4,1,0,1,1,12,14
753,9,3,0,0,1,1,5,5
754,2,1,1,0,0,0,9,11
759,4,1,2,1,0,3,14,12
761,1,0,0,1,0,0,0,2
768,0,1,3,1,0,0,13,4
770,8,4,8,2,1,2,33,30
776,2,0,0,0,0,0,0,3
777,3,1,1,0,0,0,8,15
784,5,2,1,1,1,4,12,15
785,4,4,13,3,1,4,26,25
786,5,1,1,1,0,6,11,15
787,3,3,10,3,0,0,21,17
788,7,3,1,2,1,3,13,12
812,6,3,3,2,2,1,19,15
813,5,4,2,1,1,3,21,26
822,1,0,2,1,0,0,6,3
825,1,0,0,0,0,0,3,0
826,1,0,0,0,0,0,6,1
827,2,0,0,0,0,0,5,1
829,1,0,0,0,0,0,4,1
830,1,0,0,0,0,0,2,0
831,1,0,2,1,0,0,2,2
832,0,0,2,1,0,0,0,2
836,3,2,1,0,2,1,10,6
837,2,0,2,0,0,0,5,5
838,1,0,2,0,1,2,7,3
839,3,0,3,0,1,3,10,8
842,3,1,6,1,1,0,7,7
843,0,1,1,1,0,0,2,5
844,1,0,1,1,1,0,2,5
847,1,1,2,0,1,3,10,5
848,3,1,2,0,1,3,11,6
849,1,0,0,1,0,0,4,4
850,2,1,1,0,1,2,8,9
851,3,2,2,1,1,2,4,10
852,4,2,3,2,1,3,12,15
853,0,0,1,1,0,0,6,3
854,3,2,1,2,0,3,7,11
855,4,2,3,2,2,6,15,18
856,1,1,0,0,0,0,4,4
857,2,1,2,1,2,3,13,12
859,2,3,2,1,1,2,14,13
860,1,2,0,1,0,0,6,4
861,4,4,1,1,0,3,13,15
864,2,2,0,0,1,1,9,5
870,3,1,1,1,1,2,10,10
871,0,1,2,0,1,0,8,5
872,2,1,2,1,1,1,8,4
873,5,1,1,0,1,1,12,11
877,0,1,2,0,1,1,7,5
878,3,1,1,0,0,1,4,5
879,2,0,1,0,1,2,6,5
880,0,0,0,0,0,0,2,1
881,0,1,0,0,0,1,1,0
882,0,1,0,0,0,1,1,1
883,0,0,0,0,0,1,1,0
885,0,1,0,0,0,0,0,0
890,1,0,4,2,0,2,3,4
893,13,7,7,2,2,3,21,21
899,4,6,5,3,2,2,26,25
900,0,7,4,1,1,2,16,16
918,0,1,2,0,0,1,6,4
922,4,1,1,1,1,1,12,10
925,4,2,1,1,1,1,11,10
930,1,0,0,0,0,1,1,3
942,2,1,1,0,0,1,9,7
943,0,0,0,0,0,0,3,3
944,0,0,0,0,0,0,4,3
945,0,0,0,0,0,0,1,2
946,3,1,1,0,0,1,7,7
947,2,1,4,0,0,1,7,8
948,1,0,2,0,0,0,1,0
951,2,2,4,0,0,2,11,11
952,0,0,0,0,0,0,2,3
965,0,2,2,0,0,0,4,2
966,4,2,8,2,0,3,17,17
967,3,0,1,0,0,1,6,2
968,1,0,3,0,1,1,3,2
969,4,2,4,2,1,1,16,17
974,8,2,4,2,0,1,14,19
975,3,5,5,2,2,4,26,24
976,6,7,7,4,2,3,29,30
978,0,0,0,0,0,0,5,5
988,1,1,0,1,0,0,2,4
990,1,1,0,0,0,0,2,5
999,8,5,6,1,1,5,10,16
1008,5,7,2,3,2,2,20,16
1009,2,1,1,0,1,1,5,3
1010,0,0,0,0,0,0,1,2
1014,0,2,2,0,0,1,7,12
1030,1,3,6,4,0,1,10,10
1037,10,7,5,2,1,3,26,24
1039,14,7,9,5,2,8,36,34
1042,0,0,0,0,0,0,3,0
1052,0,0,0,0,0,0,2,3
1053,3,2,2,1,1,0,10,14
1054,3,2,3,1,1,0,7,12
1058,1,1,0,0,0,0,5,7
1060,2,0,3,2,1,0,8,11
1063,4,2,1,0,0,2,8,12
1064,1,0,0,1,1,2,4,3
1066,0,0,0,0,1,0,2,2
1067,7,5,6,0,0,3,20,22
1069,0,1,3,0,0,0,13,6
1070,3,4,2,2,2,4,19,18
1083,3,0,7,4,6,4,11,23
1084,1,3,7,1,1,5,10,11
1085,3,3,7,2,5,7,21,18
1086,5,1,6,1,0,0,12,12
1087,3,2,2,1,1,3,16,11
1088,4,2,5,2,1,2,12,15
1089,0,1,3,0,0,1,12,6
1091,4,3,1,0,1,1,10,14
1093,3,0,4,1,1,2,10,15
1094,2,0,1,3,2,3,16,9
1095,5,0,5,4,2,4,20,20
1096,0,1,1,3,1,0,5,3
1097,0,0,1,3,1,0,5,4
1098,0,0,0,0,0,0,1,2
1099,5,1,6,1,0,0,11,12
1100,4,0,6,1,0,0,10,12
1101,2,0,0,0,0,0,3,4
1102,10,2,12,5,3,3,26,30
1103,7,2,8,5,4,3,20,27
1104,3,0,7,0,1,0,9,10
1105,1,1,1,3,1,0,5,4
1108,1,0,0,0,0,0,1,5
1110,5,0,6,1,0,0,11,17
1111,6,2,8,5,3,3,18,26
1112,8,1,7,6,4,3,21,23
1113,2,1,1,1,0,0,4,4
1114,0,0,0,0,0,0,1,2
1115,3,1,6,1,3,3,8,18
1116,3,1,7,1,4,3,7,20
1117,2,2,6,1,2,2,7,12
1119,5,1,9,2,4,3,12,24
1120,5,3,7,5,3,4,22,23
1122,11,2,13,7,5,6,37,38
1132,8,2,10,9,5,8,39,32
1136,5,0,2,0,1,1,12,7
1137,4,3,9,3,2,3,18,20
1138,3,0,9,2,0,0,10,24
1139,3,0,6,2,2,2,5,20
1140,0,0,3,0,2,2,5,6
1144,2,1,2,3,1,0,4,4
1150,4,1,4,0,2,1,6,9
1153,4,0,0,0,0,1,4,6
1154,4,0,0,0,0,1,4,6
1158,4,0,5,2,2,2,7,20
1165,3,2,2,0,0,1,9,8
1169,1,1,0,1,0,0,7,3
1170,0,1,3,1,1,0,5,9
1174,4,2,5,0,0,1,13,13
1175,5,3,6,1,0,2,14,19
1177,3,3,4,0,0,1,9,11
1179,10,11,10,2,2,0,42,33
1189,4,0,2,1,1,0,11,10
1192,0,0,0,0,0,0,4,2
1203,5,2,6,3,1,1,18,12
1204,2,3,2,3,1,1,14,18
1205,4,3,2,3,1,1,16,18
1206,3,2,4,3,1,1,18,12
1211,5,3,5,0,0,1,14,19
1213,0,0,1,1,0,1,4,4
1214,0,1,0,0,0,0,0,0
1215,0,0,0,0,0,0,1,2
1216,0,1,0,0,0,0,1,2
1217,1,1,3,1,0,1,11,5
1218,6,2,1,1,0,2,5,5
1219,5,3,4,0,0,1,12,8
1223,1,2,3,0,0,1,4,10
1236,0,0,0,0,0,0,1,2
1237,4,3,8,3,0,3,23,18
1238,7,4,7,5,3,5,42,31
1240,8,7,12,7,2,4,49,35
1242,6,3,7,1,0,2,23,16
1244,4,4,2,3,0,2,19,19
1245,4,4,3,3,0,2,19,19
1246,0,0,1,0,0,0,2,2
1248,0,0,0,0,0,0,1,2
1263,1,3,3,1,0,2,15,17
1264,1,3,5,2,1,1,11,16
1265,1,2,1,1,1,1,10,7
1268,0,0,1,0,0,0,0,0
1274,7,8,5,2,2,1,33,25
1277,1,2,0,0,0,0,5,3
1280,4,1,2,0,0,1,11,7
1281,5,4,1,5,2,2,14,22
1283,4,4,3,6,3,1,14,26
1287,5,3,3,1,0,7,19,22
1294,9,15,8,3,1,4,43,45
1295,1,2,1,1,1,2,5,2
1296,1,0,1,0,0,1,3,3
1297,1,0,2,0,0,1,3,2
1301,1,0,2,0,1,0,1,4
1303,0,0,0,0,0,0,0,0
1306,1,0,1,0,0,1,3,4
1307,5,3,6,1,0,1,24,12
1311,0,1,0,0,0,0,0,0
1312,0,0,0,0,0,0,0,0
1317,1,0,0,0,0,0,1,4
1318,4,1,3,1,0,0,15,17
1319,1,2,3,1,0,1,14,15
1322,4,3,2,0,0,1,9,9
1323,2,1,1,0,0,1,8,9
1326,1,3,5,0,1,0,14,9
1342,9,5,6,2,0,5,23,36
1344,1,2,1,2,0,0,7,3
1346,0,0,1,1,0,0,3,0
1347,1,1,2,2,1,1,8,15
1350,0,0,0,0,0,1,4,1
1365,1,1,2,2,1,0,8,9
1368,4,2,5,0,1,2,15,13
1369,3,1,5,0,1,1,9,8
1370,6,3,5,1,0,1,14,19
1374,1,3,3,1,0,0,8,4
1375,3,6,5,1,0,0,18,18
1376,3,4,3,0,0,0,12,16
1377,0,1,0,0,0,0,0,0
1381,2,5,2,0,0,2,15,18
1386,1,0,1,0,0,0,3,3
1388,3,2,6,2,1,2,11,16
1390,2,2,4,1,0,3,13,10
1391,1,4,4,2,0,0,17,17
1392,3,0,6,4,1,0,11,11
1394,0,0,1,4,0,0,4,3
1395,2,0,3,1,3,2,12,12
1396,3,3,8,6,3,5,36,25
1397,1,3,8,7,2,3,31,26
1399,0,1,0,0,0,1,1,1
1401,2,1,1,1,0,0,3,4
1405,1,0,1,3,1,0,3,7
1411,6,4,3,3,2,2,16,11
1412,6,3,3,2,2,2,15,11
1413,0,1,0,1,0,0,1,0
1416,0,0,2,0,1,0,4,4
1417,5,4,7,3,2,1,20,14
1418,5,3,7,3,2,1,23,15
1419,1,1,2,0,0,0,4,4
1423,2,2,3,2,0,0,10,15
1430,0,1,0,0,0,0,1,2
1433,1,0,1,0,0,0,0,3
1439,6,4,3,3,2,2,15,11
1440,0,0,0,0,0,0,1,2
1442,0,1,0,1,0,0,1,0
1443,1,6,2,1,2,1,9,9
1445,1,1,1,0,1,1,1,3
1447,1,1,0,0,0,4,5,2
1450,2,0,4,1,0,1,12,4
1453,5,2,4,1,0,1,8,10
1454,5,3,3,1,0,3,8,8
1455,0,0,1,0,0,2,3,1
1459,5,4,3,3,2,2,13,11
1460,6,4,4,3,2,2,14,13
1469,1,5,4,0,1,1,15,13
1470,2,3,5,1,1,1,16,7
1471,0,2,0,0,0,0,3,5
1472,2,1,2,0,1,0,1,6
1473,5,2,3,1,0,1,6,7
1474,5,1,2,1,0,1,6,6
1475,1,0,1,0,1,0,0,2
1476,5,1,1,0,0,1,6,4
1481,0,1,0,0,0,0,0,1
1482,5,6,4,3,2,1,19,15
1483,5,5,4,3,2,1,19,14
1487,3,5,1,3,0,0,12,7
1495,5,2,4,3,2,1,14,12
1497,0,1,1,0,0,0,2,0
1498,0,0,0,0,0,1,0,0
1499,2,1,4,1,2,1,11,10
1500,0,0,3,1,0,0,3,5
1501,2,1,5,0,2,1,10,9
1507,4,1,1,0,0,1,5,6
1513,2,2,0,1,0,0,2,5
1516,6,4,4,3,2,2,20,22
1517,0,0,1,1,1,0,3,4
1518,2,2,2,1,1,0,7,12
1519,4,7,4,3,2,2,24,32
1521,0,0,0,0,0,0,2,0
1522,5,7,4,3,2,2,27,33
1524,0,0,0,0,0,0,0,0
1531,5,4,1,2,2,2,7,11
1532,0,1,0,0,0,0,2,2
1533,5,3,1,2,2,2,7,9
1544,3,10,3,4,1,1,22,22
1557,10,6,13,3,2,8,38,34
1559,6,1,0,0,1,0,4,3
1560,3,2,2,0,1,0,3,7
1561,2,2,2,0,0,0,3,4
1563,0,1,2,1,0,0,5,3
1574,2,5,2,3,0,1,17,12
1575,1,0,0,2,0,0,2,6
1576,1,5,2,1,0,1,15,8
1580,2,0,2,0,0,0,3,4
1582,1,1,1,1,0,0,5,3
1583,2,0,3,0,0,0,6,5
1584,0,0,0,0,0,2,2,2
1585,0,0,0,0,0,1,2,2
1586,0,0,0,0,0,0,1,1
1588,7,8,11,1,0,3,30,23
1595,1,1,1,0,0,1,1,3
1596,1,0,2,1,0,1,6,4
1597,0,0,1,1,0,1,4,4
1598,0,0,1,0,0,0,3,5
1603,0,0,0,0,0,0,1,0
1604,1,0,0,0,0,0,2,1
1605,1,0,0,0,0,0,1,1
1607,1,7,2,3,0,2,21,13
1608,2,5,1,1,1,1,19,17
1609,0,0,0,0,0,0,1,0
1610,0,0,1,0,0,0,2,2
1611,0,0,1,0,0,0,1,2
1612,7,8,6,4,2,5,30,27
1616,0,0,0,0,0,0,0,0
1617,0,0,1,0,0,0,2,2
1623,10,5,5,4,0,5,24,14
1624,3,2,3,2,0,1,11,11
1625,7,7,6,2,0,4,21,13
1626,7,4,3,3,2,3,14,7
1627,6,3,3,3,1,2,9,4
1628,3,1,2,0,1,1,5,3
1633,1,0,0,0,0,0,1,0
1634,0,0,0,0,0,0,1,1
1636,1,0,6,7,1,6,18,19
1639,0,1,0,0,0,0,4,4
1641,0,0,0,0,0,1,1,1
1647,4,6,3,3,2,1,19,13
1648,0,0,0,0,0,0,1,1
1651,2,1,0,0,0,1,3,3
1654,5,3,3,3,2,3,13,8
1655,2,0,2,0,0,0,2,2
1660,8,4,1,0,0,1,12,12
1668,16,5,4,2,2,1,29,31
1669,0,0,0,0,0,0,4,1
1673,0,2,0,2,0,1,6,5
1679,0,0,0,0,0,0,0,0
1682,0,0,0,0,0,0,0,0
1683,11,8,9,1,1,4,19,14
1684,6,7,5,1,0,6,23,16
1689,4,3,1,0,1,1,9,14
1695,2,1,9,7,1,7,26,19
1697,1,1,9,4,1,6,20,15
1701,1,0,2,0,0,1,2,5
1703,1,0,3,1,0,2,6,7
1706,0,0,0,0,0,0,0,0
1713,4,2,2,0,1,0,4,9
1714,1,0,0,0,0,0,1,2
1715,10,9,9,1,1,5,21,15
1717,1,1,0,0,0,0,3,0
1725,4,5,7,0,0,6,12,9
1731,3,0,7,2,1,0,8,9
1732,1,3,4,1,1,5,16,11
1733,4,2,7,2,2,3,26,16
1734,5,3,10,6,4,4,39,29
1735,2,2,6,1,2,2,8,11
1739,2,0,0,1,1,1,6,5
1749,8,8,7,0,1,3,31,29
1761,6,3,6,2,1,1,20,19
1780,8,3,5,3,0,1,31,26
1783,2,2,3,1,0,0,9,11
1784,6,2,3,3,0,1,23,18
1785,5,7,6,3,3,4,32,32
1790,8,6,3,3,2,3,24,20
1803,1,2,2,2,1,2,14,12
1805,2,3,1,1,1,1,10,10
1806,0,2,0,1,0,0,2,3
1807,2,4,1,0,1,3,14,12
1808,2,1,1,2,1,1,10,7
1809,0,3,1,0,0,2,7,9
1810,0,0,1,1,0,0,2,3
1826,4,2,0,2,0,0,7,7
1827,3,2,0,0,0,0,4,4
1828,4,0,1,0,0,0,3,5
1829,0,0,1,1,0,1,3,3
1830,4,0,2,1,0,1,6,8
1832,3,1,0,0,0,1,1,5
1839,1,0,0,1,1,0,6,4
1848,0,1,0,0,0,0,1,0
1849,0,1,0,0,0,0,6,6
1851,0,2,0,0,0,0,7,6
1855,0,0,0,0,0,0,1,0
1864,1,3,1,2,0,3,6,12
1865,6,1,2,1,1,5,16,21
1866,1,0,0,1,0,0,0,2
1870,3,5,1,3,0,5,13,24
1875,1,3,1,0,0,1,4,5
1886,0,0,0,0,1,0,2,1
1887,5,7,3,3,3,1,24,21
1891,0,2,0,1,2,0,6,4
1895,9,4,2,1,1,2,26,18
1896,16,10,6,6,1,3,30,34
1898,6,1,1,0,0,1,8,5
1903,4,6,3,3,0,3,14,22
1910,7,4,2,0,0,4,20,24
1922,0,0,0,1,0,1,2,3
1927,7,4,2,1,0,5,22,27
1934,0,0,0,1,0,2,1,6
1936,1,0,2,0,0,4,4,7
1939,2,0,2,1,0,4,9,9
1961,0,2,0,0,0,0,2,4
1962,2,3,4,3,1,2,17,11
1963,2,4,4,3,1,2,18,12
1965,1,3,3,3,1,2,20,12
1966,1,3,1,0,0,3,9,15
1967,0,2,1,0,0,3,12,14
1968,2,0,1,0,0,0,3,6
1969,4,1,0,0,0,3,9,10
1970,5,1,0,0,0,3,10,14
1971,6,3,5,3,1,2,22,14
1972,5,4,5,3,1,2,21,17
1973,1,1,2,0,0,0,3,3
1975,6,4,6,3,1,2,23,19
1976,0,0,0,0,0,0,0,0
1978,6,4,5,3,1,2,22,18
1979,0,0,0,0,0,0,0,0
1980,6,4,5,3,1,2,24,19
1981,0,0,1,0,0,0,2,0
1982,6,4,6,3,1,2,26,19
1985,7,5,7,10,2,3,35,34
1992,5,2,5,1,1,6,20,14
1993,2,3,4,0,1,7,15,18
1999,3,1,2,2,0,0,7,10
2004,1,3,0,2,1,2,6,7
2007,5,1,7,0,2,2,15,18
2008,2,0,0,0,0,1,2,4
2009,5,1,7,0,2,3,17,20
2010,3,2,6,4,3,1,30,26
2012,4,2,6,4,3,2,24,21
2013,2,2,1,1,0,1,6,11
2015,0,3,0,0,0,2,6,9
2016,1,4,1,1,0,2,10,14
2017,2,1,1,1,0,0,7,6
2020,0,0,1,0,1,0,0,0
2021,3,3,2,0,0,1,9,10
2022,4,2,2,1,0,1,9,10
2023,1,1,1,0,0,0,2,2
2024,0,0,0,0,0,0,1,2
2025,3,1,1,0,0,1,7,7
2026,2,1,1,0,0,0,6,7
2030,0,0,0,0,0,0,1,0
2031,3,1,1,1,0,0,6,5
2035,6,2,1,1,0,0,11,8
2038,1,0,0,0,0,0,3,3
2039,2,1,1,0,0,0,1,1
2040,3,1,1,0,0,0,4,4
2041,9,3,1,1,1,1,14,16
2042,3,0,0,1,1,0,7,7
2044,6,1,0,0,1,0,7,9
2045,6,0,0,0,1,0,8,7
2046,0,1,0,0,0,0,1,2
2047,3,0,2,0,0,1,4,7
2048,3,1,2,0,0,1,5,9
2050,2,1,1,0,0,1,1,4
2052,3,2,3,0,0,0,7,11
2053,2,2,2,0,0,0,7,8
2055,6,3,2,1,0,0,16,15
2057,5,1,2,1,0,0,11,8
2058,5,1,2,1,0,0,10,8
2060,0,0,0,0,0,0,1,0
2061,0,0,1,0,0,1,3,4
2062,0,1,0,0,0,0,1,4
2063,0,0,0,0,0,1,0,0
2066,3,2,2,1,0,0,0,3
2067,4,2,2,1,0,0,1,3
2068,7,3,2,1,0,0,9,8
2069,5,1,2,0,0,0,8,9
2070,6,2,0,0,0,0,2,1
2073,7,1,0,1,1,2,6,5
2074,9,1,2,1,1,3,9,11
2093,0,0,1,1,0,0,3,0
2116,6,3,2,3,0,1,10,14
2127,1,2,1,0,2,0,2,0
2129,2,3,4,3,3,1,21,11
2130,0,0,0,0,0,0,2,1
2131,1,1,1,0,0,0,4,2
2132,1,1,1,0,0,0,2,1
2133,3,4,2,3,0,1,15,17
2135,1,1,0,0,0,0,2,0
2136,3,3,4,3,1,1,18,11
2137,0,1,0,0,0,0,2,1
2140,2,3,4,3,1,2,17,11
2142,4,1,1,0,0,0,6,2
2147,0,0,0,0,0,0,1,0
2152,4,1,1,0,0,0,6,2
2155,1,1,0,2,0,0,1,0
2156,1,1,0,1,0,0,1,3
2157,0,0,0,0,0,0,0,0
2158,1,1,0,1,0,0,1,3
2161,1,1,0,2,0,0,8,11
2162,3,1,0,1,0,0,5,3
2163,4,2,1,1,1,0,12,2
2164,2,0,0,0,0,0,4,3
2165,1,1,1,0,1,0,9,2
2167,3,1,0,0,0,1,6,7
2169,0,1,0,0,0,1,3,0
2172,1,1,1,0,0,0,6,3
2173,0,1,0,0,0,1,4,0
2174,1,2,1,0,0,1,8,3
2178,3,3,0,1,0,0,1,3
2180,5,0,1,0,1,0,17,7
2181,4,0,0,0,0,0,5,5
2182,4,0,1,0,0,0,14,7
2188,1,0,1,0,0,0,10,4
2189,0,0,0,0,0,0,3,1
2190,1,0,1,0,0,0,9,5
2192,0,0,0,0,0,0,1,0
2193,0,0,0,0,0,0,4,1
2194,1,2,0,3,0,0,11,8
2203,3,1,5,0,1,2,11,11
2206,2,1,1,1,0,0,4,3
2207,2,0,0,1,0,0,2,4
2208,4,1,1,0,0,0,6,5
2212,0,1,0,0,1,0,1,3
2213,0,1,0,0,0,0,4,3
2214,2,1,0,0,1,0,1,2
2223,10,7,6,1,2,1,31,31
2224,12,7,8,1,2,2,31,32
2226,7,9,5,1,3,1,27,23
2229,4,2,1,0,0,0,1,4
2230,3,2,1,0,0,1,2,3
2231,0,0,0,0,0,1,2,0
2237,5,3,1,2,3,0,11,15
2238,1,1,1,0,1,0,6,5
2244,0,1,0,0,0,0,1,4
2245,1,1,0,0,0,0,6,6
2247,1,0,0,0,0,0,4,3
2255,0,1,0,0,1,0,11,16
2262,3,3,1,0,0,2,15,14
2263,1,1,0,0,0,0,14,16
2265,1,1,0,0,0,0,0,4
2266,0,0,0,0,0,0,0,0
2267,1,0,0,0,0,0,1,0
2268,0,0,0,0,0,0,1,0
2269,0,0,0,0,0,0,1,1
2272,1,1,1,0,0,0,4,3
2275,0,0,0,0,0,0,0,0
2276,1,1,0,0,0,0,0,4
2280,7,3,3,0,0,1,7,7
2281,5,3,0,0,0,0,10,6
2282,3,0,3,0,0,1,2,3
2287,0,0,0,0,0,0,2,1
2288,8,3,4,1,2,1,24,21
2289,2,4,2,0,0,0,9,10
2291,2,0,0,0,0,0,2,3
2293,2,0,0,0,0,0,1,2
2294,8,3,1,0,0,1,7,6
2298,0,2,0,0,1,0,5,6
2302,0,0,1,0,0,0,3,2
2303,0,1,1,0,0,0,2,7
2305,7,1,0,0,0,1,8,4
2306,5,2,1,0,0,0,1,4
2311,1,1,2,0,0,0,3,2
2312,1,0,1,0,0,0,1,0
2315,4,1,0,0,0,0,3,5
2323,0,0,1,0,0,0,0,0
2333,0,0,0,0,1,1,4,3
2334,1,1,2,1,1,1,10,7
2339,2,0,0,0,0,2,4,1
2340,1,0,0,0,0,0,3,1
2341,2,0,0,0,0,1,3,2
2344,14,10,2,6,1,2,26,31
2347,1,0,0,0,0,1,3,1
2348,3,1,0,0,1,1,4,3
2356,1,0,0,0,0,0,0,0
2357,1,0,0,0,1,0,1,1
2358,0,0,0,0,0,0,0,0
2360,1,1,0,1,1,0,7,7
2361,0,0,0,0,1,0,2,2
2363,1,0,0,0,0,0,2,5
2364,0,0,1,0,0,0,0,3
2371,7,3,5,1,0,2,16,14
2373,5,6,5,0,2,0,15,20
2375,5,3,0,0,0,0,7,9
2376,5,4,0,0,1,0,6,10
2380,2,0,0,1,1,1,3,4
2381,2,0,0,1,1,1,4,4
2382,0,0,0,0,0,0,1,0
2384,11,10,3,5,1,2,21,28
2386,10,7,3,5,0,2,24,23
2392,0,0,0,0,0,1,2,0
2400,1,1,1,0,0,0,0,4
2409,1,0,0,0,0,0,0,0
2412,2,0,0,0,0,1,3,3
2430,3,0,2,0,0,0,8,5
2432,0,0,0,0,0,0,0,0
2436,2,1,1,0,1,0,5,4
2437,1,0,1,1,2,0,6,5
2438,0,1,0,0,0,0,1,0
2439,2,0,0,0,0,0,3,1
2443,1,0,0,0,0,0,0,0
2447,2,0,1,0,0,0,1,0
2466,2,1,4,1,0,1,5,6
2467,2,0,1,2,0,1,7,2
2469,3,0,2,0,0,2,7,7
2477,1,1,0,0,0,0,2,2
2478,1,2,0,1,0,0,5,4
2479,0,1,0,1,0,0,3,2
2484,2,4,2,0,2,0,10,5
2485,0,0,0,0,0,1,1,0
2488,2,4,2,0,2,0,11,5
2490,0,0,0,0,0,0,1,0
2492,4,0,3,0,1,1,4,7
2493,4,4,3,0,1,0,11,8
2494,2,4,2,0,0,1,9,7
2497,2,0,1,0,0,1,2,5
2509,0,0,0,0,0,0,0,0
2511,6,3,1,0,0,0,8,8
2512,6,3,1,0,0,0,8,8
2513,3,2,1,0,0,0,4,7
2514,3,1,0,0,0,0,2,3
2516,1,1,0,0,0,0,1,1
2517,1,1,0,0,0,0,1,1
2518,0,0,0,0,0,0,0,0
2519,1,1,0,0,0,0,6,6
2524,1,1,0,0,0,0,3,1
2525,2,1,1,0,0,0,6,12
2526,2,3,2,1,0,0,7,15
2527,3,1,3,1,0,0,3,3
2529,2,1,0,0,0,0,1,0
2530,3,1,3,1,0,0,3,2
2532,3,4,6,1,0,1,11,8
2533,3,4,5,0,0,0,12,8
2534,2,2,3,2,0,1,8,5
2556,3,2,1,2,0,2,7,10
2565,1,0,0,1,0,0,0,1
2568,1,1,0,1,1,1,6,4
2569,1,3,2,2,1,1,13,9
2570,2,2,3,1,0,0,11,7
2571,2,4,3,0,0,0,12,8
2576,2,0,0,0,0,1,2,4
2578,0,0,0,0,0,0,0,1
2581,2,1,1,0,0,0,3,4
2582,1,0,0,0,0,0,1,2
2583,3,1,1,0,0,1,5,5
2584,4,1,1,0,0,1,7,8
2585,3,0,0,0,0,0,0,1
2586,1,1,1,0,0,1,7,7
2587,1,0,0,0,0,1,1,1
2588,2,1,1,0,0,2,8,8
2592,2,1,2,0,0,2,9,10
2593,0,0,1,0,0,0,1,2
2597,5,1,2,0,0,2,10,12
2603,5,1,5,0,1,3,14,17
2604,0,0,4,0,1,0,5,5
2609,7,3,6,1,0,1,23,14
2610,7,3,5,1,0,1,23,11
2611,0,0,3,0,0,0,2,3
2613,0,0,0,0,0,0,1,0
2615,0,0,0,0,0,0,1,0
2616,0,0,0,0,0,1,0,0
2617,0,0,0,0,0,0,2,1
2618,0,0,0,0,0,0,1,0
2621,0,0,0,0,0,1,1,0
2623,4,4,1,0,1,2,9,15
2624,0,0,2,1,0,0,0,2
2626,4,2,9,2,1,3,15,19
2627,4,2,8,1,1,3,14,18
2628,1,5,2,1,1,1,8,6
2629,1,5,1,2,0,1,6,4
2631,2,1,1,0,0,1,7,1
2635,3,2,1,0,2,0,9,6
2636,3,4,2,0,2,1,14,6
2637,0,1,0,0,0,0,2,3
2639,2,1,1,0,0,0,3,5
2646,1,0,2,0,0,0,4,2
2651,1,2,0,0,0,1,2,3
2654,0,0,0,0,0,0,0,0
2656,0,1,0,0,0,0,2,3
2663,1,0,0,0,0,0,1,1
2664,0,1,0,0,0,1,0,1
2666,0,0,0,0,0,1,0,2
2667,0,0,0,0,0,1,0,2
2668,0,0,0,0,0,0,0,0
2671,1,0,0,0,0,0,1,1
2673,1,0,0,0,0,0,2,3
2675,0,1,0,0,0,0,0,1
2676,1,0,0,0,0,0,1,1
2682,0,0,0,0,0,0,2,0
2687,4,2,6,1,2,3,14,11
2690,13,3,2,3,0,2,32,32
2693,2,1,7,0,0,2,10,13
2699,1,1,1,0,0,0,4,0
2705,0,0,0,0,0,0,0,1
2717,1,0,0,0,0,0,3,4
2725,0,0,0,0,0,0,0,1
2727,8,4,6,0,1,5,29,32
2729,1,3,2,0,0,1,5,9
2731,1,0,0,0,0,0,2,4
2734,4,1,4,1,0,5,15,12
2738,1,1,0,0,0,0,2,3
2739,4,2,4,2,1,3,18,22
2740,0,0,0,0,0,0,1,0
2741,4,2,4,2,1,3,17,22
2746,2,1,0,0,0,0,2,4
2749,0,0,0,1,0,1,3,3
2754,2,7,3,2,1,1,11,12
2755,1,0,0,0,0,0,3,1
2756,0,3,1,1,1,1,10,6
2757,1,3,1,1,1,1,11,7
2758,1,3,1,2,0,1,2,3
2759,9,4,4,5,2,0,16,15
2760,11,5,3,3,2,1,17,19
2770,4,5,4,3,2,2,28,29
2774,1,2,0,0,0,1,7,6
2779,4,5,4,4,2,3,27,30
2784,0,1,0,0,0,0,4,5
2788,4,2,4,2,1,3,16,20
2798,3,2,0,0,0,0,8,11
2799,3,1,0,0,0,0,4,8
2805,1,0,0,0,0,0,0,2
2806,4,3,5,0,0,1,14,17
2814,0,0,0,0,0,0,0,1
2815,0,0,0,0,0,0,0,1
2816,0,0,0,0,0,0,0,0
2817,11,6,5,1,1,2,20,18
2831,6,6,2,0,1,1,8,9
2832,4,4,3,0,1,1,9,13
2833,2,1,1,0,0,0,4,3
2836,3,2,2,0,2,0,10,4
2838,1,1,2,0,0,3,7,8
2846,3,3,3,1,1,0,13,11
2847,0,4,1,2,1,1,8,2
2850,17,6,8,2,2,3,39,29
2852,1,2,3,1,0,3,7,8
2853,0,1,1,1,0,0,2,4
2867,4,2,1,1,0,1,12,9
2868,0,0,0,0,0,0,2,1
2869,4,2,1,1,0,1,12,10
2870,1,2,5,1,0,0,7,9
2883,3,9,4,5,2,0,33,18
2887,5,8,10,3,0,1,26,27
2888,4,8,2,1,0,0,19,21
2889,6,10,9,2,0,1,31,32
2890,0,1,2,1,0,0,11,7
2891,0,0,0,0,0,2,1,3
2892,0,1,2,1,0,1,9,9
2894,4,1,0,1,2,0,5,8
2895,8,5,6,0,1,3,17,20
2898,3,4,2,2,1,0,15,11
2906,1,4,1,1,1,3,5,12
2907,0,0,0,0,0,0,0,0
2909,4,1,0,1,2,0,5,8
2913,2,0,0,0,1,0,4,2
2914,1,1,0,0,0,0,1,2
2915,1,1,0,0,1,0,5,4
2919,3,2,2,2,1,0,14,11
2920,0,0,0,0,0,0,2,1
2921,3,3,1,0,0,2,15,13
2926,0,0,0,0,0,0,3,1
2927,2,5,1,0,0,1,12,17
2928,2,5,1,0,0,1,13,17
2929,0,0,0,0,0,0,4,1
2931,0,1,0,1,0,0,0,2
2935,2,0,0,0,0,0,1,4
2936,1,4,1,2,1,1,8,3
2937,0,0,1,3,1,1,3,5
2938,0,0,1,3,1,0,3,5
2944,0,1,0,0,0,0,3,3
2945,1,1,1,0,0,0,6,4
2946,1,2,1,0,0,0,3,4
2950,4,2,2,1,0,1,14,14
2951,5,2,2,1,1,1,15,18
2952,1,0,0,0,1,0,1,4
2957,4,2,1,1,0,1,9,9
2966,0,0,0,0,0,0,3,1
2973,2,1,1,0,0,0,2,4
2975,3,1,3,2,2,3,18,11
2976,2,1,2,2,2,3,12,10
2977,1,2,1,1,0,0,7,2
2980,1,1,1,0,0,0,4,4
2990,0,2,1,1,1,1,7,6
2993,4,2,2,1,0,1,14,13
2994,5,2,2,1,1,1,15,17
2998,0,0,0,0,0,0,0,0
3008,11,9,8,1,3,3,26,23
3017,1,1,1,0,0,1,5,1
3019,4,6,3,2,1,1,15,21
3020,6,4,3,1,1,1,19,24
3024,2,6,1,0,0,1,16,20
3031,2,1,1,1,1,1,5,9
3032,1,1,1,0,0,1,3,4
3033,3,2,2,1,1,2,8,13
3057,3,5,2,0,0,1,11,13
3076,1,1,1,0,0,2,7,6
3085,4,2,1,4,1,0,9,16
3089,2,2,1,0,0,2,9,6
3097,1,1,0,0,0,1,4,6
3099,2,0,1,1,1,0,6,4
3105,1,2,1,0,0,1,8,10
3114,2,1,1,1,0,0,3,4
3115,1,2,0,0,1,0,4,2
3129,4,6,3,0,0,0,17,12
3132,0,1,4,1,2,1,10,14
3135,3,2,3,0,0,1,8,9
3144,8,9,5,0,0,1,25,24
3148,0,0,0,0,1,0,0,1
3151,5,4,4,0,2,5,20,22
3161,0,0,0,0,0,0,4,1
3162,0,0,0,0,0,1,0,0
3165,1,2,0,1,1,0,9,7
3168,4,0,3,1,0,1,4,6
3171,1,0,1,0,0,0,2,0
3173,1,0,0,0,0,1,1,0
3174,1,0,1,0,0,0,1,1
3181,4,2,8,5,6,4,21,33
3182,1,1,2,4,3,3,15,17
3187,3,2,3,0,0,2,3,5
3188,4,0,2,0,0,2,4,3
3189,8,4,7,4,3,2,26,17
3190,12,6,8,3,3,4,29,23
3192,0,0,1,0,0,1,9,6
3193,6,1,4,1,0,2,6,11
3196,1,2,1,1,0,1,7,11
3198,2,0,2,2,1,4,13,12
3199,1,0,1,2,0,1,8,10
3200,5,1,2,2,1,4,19,12
3203,1,1,0,1,1,2,7,8
3204,0,1,2,1,0,3,8,4
3205,5,1,3,0,0,1,6,11
3214,1,2,2,1,0,1,7,10
3215,3,5,1,1,0,2,7,8
3216,1,3,0,1,0,0,5,3
3220,4,2,6,4,2,3,29,23
3222,0,0,3,1,0,1,8,2
3223,0,0,0,1,2,0,3,3
3224,0,0,2,1,2,0,4,2
3226,1,4,1,1,0,0,7,10
3227,1,4,2,1,0,0,10,11
3234,4,1,3,2,0,1,9,13
3235,0,1,2,1,0,0,6,13
3238,1,1,3,2,1,3,16,21
3239,0,2,2,0,1,2,7,9
3242,3,4,5,3,1,2,15,15
3244,0,0,1,1,1,1,7,3
3245,1,1,1,2,0,0,5,4
3246,1,0,1,0,0,2,8,3
3247,2,2,4,3,3,4,18,10
3248,3,2,3,3,3,6,20,9
3249,1,0,0,0,0,0,2,2
3250,2,0,0,0,0,0,3,4
3252,0,1,0,1,0,0,2,3
3255,10,5,8,7,3,10,32,36
3256,1,0,5,4,1,3,11,13
3257,4,2,2,1,1,1,9,6
3259,5,3,2,3,0,5,20,15
3260,4,4,2,0,2,0,12,7
3264,4,2,1,1,2,1,16,13
3280,2,2,1,2,1,0,5,13
3291,1,2,1,2,1,0,6,8
3299,2,1,0,0,0,0,1,2
3301,3,0,1,0,0,0,3,5
3302,3,0,1,0,0,2,5,8
3303,4,1,1,0,1,3,15,11
3305,1,0,0,0,0,0,1,3
3306,2,0,0,0,0,0,0,0
3307,3,0,0,0,0,0,1,3
3308,1,0,0,0,0,0,1,0
3319,2,1,0,1,1,2,6,4
3320,2,1,0,1,1,2,7,4
3321,0,0,0,0,0,0,1,0
3325,1,0,1,2,2,0,7,6
3326,1,0,0,0,0,0,0,0
3327,3,0,1,2,2,0,8,7
3330,0,0,1,0,0,2,1,1
3332,3,0,0,0,0,0,2,2
3333,1,0,0,0,0,1,3,0
3335,2,1,1,0,0,0,5,7
3336,1,0,1,2,0,0,3,7
3338,2,1,2,2,2,3,15,12
3340,0,1,2,1,0,2,10,9
3347,0,0,0,0,1,0,1,0
3348,3,2,1,2,2,0,5,3
3349,3,1,1,2,2,0,4,3
3350,6,2,2,3,3,2,16,13
3353,8,2,3,2,3,0,13,17
3358,1,0,0,0,1,0,2,1
3361,2,0,0,1,0,0,3,2
3362,4,1,2,1,1,0,6,6
3365,15,1,6,0,2,4,29,30
3367,2,2,1,1,1,2,12,12
3368,0,0,0,0,0,0,0,1
3369,2,2,1,1,1,2,12,11
3370,3,1,0,2,2,0,4,2
3373,4,1,4,2,0,4,8,13
3374,5,1,4,2,0,4,9,14
3375,0,0,0,0,0,0,0,0
3376,2,0,0,0,1,0,3,4
3377,12,1,6,0,1,4,27,25
3380,4,3,1,3,4,2,15,11
3381,4,1,1,0,1,0,3,6
3382,5,5,3,2,2,3,25,28
3384,1,0,1,1,0,0,3,3
3387,4,2,4,3,2,4,20,24
3388,3,0,3,1,1,3,16,10
3399,3,0,0,2,1,0,4,5
3400,2,0,0,2,1,0,3,3
3401,1,0,0,0,0,0,1,2
3402,3,3,3,1,1,1,8,9
3404,1,1,1,1,2,0,5,5
3405,3,2,2,1,1,1,6,8
3406,0,0,0,0,1,0,2,2
3407,0,0,0,0,0,0,1,2
3409,3,2,1,2,3,0,5,4
3410,0,1,1,0,1,0,1,2
3412,3,2,2,0,1,0,9,7
3413,0,2,3,0,0,1,8,10
3422,1,2,2,0,0,1,11,9
3423,2,2,2,0,0,1,10,6
3424,3,2,0,2,2,0,8,7
3425,4,2,0,2,2,0,7,4
3428,8,6,1,2,2,0,11,12
3431,3,0,0,0,1,1,3,4
3432,2,0,0,0,0,1,1,3
3433,1,0,0,0,0,0,1,2
3434,1,0,0,0,0,0,0,1
3435,1,0,2,0,1,0,3,2
3437,4,2,0,2,2,1,6,5
3438,0,0,0,0,0,0,0,0
3445,1,0,0,0,0,0,3,1
3447,1,0,0,0,0,2,2,0
3448,2,0,0,1,1,0,7,9
3452,12,8,3,3,3,1,23,21
3455,1,0,0,0,0,0,1,2
3457,5,1,0,0,0,0,4,3
3458,5,1,1,0,0,1,7,4
3461,0,0,0,0,0,0,0,0
3462,0,1,0,0,0,1,4,2
3463,0,1,0,0,0,1,4,2
3465,0,0,0,0,0,1,1,2
3467,1,0,0,0,0,0,2,0
3468,0,1,0,0,0,0,2,0
3469,1,1,0,0,0,0,0,0
3474,6,2,3,2,3,0,10,16
3475,1,1,0,0,0,0,3,3
3481,0,0,1,0,0,0,0,1
3489,0,0,0,0,0,0,1,1
3494,1,0,0,0,0,0,3,1
3495,1,1,0,0,0,0,2,1
3496,1,0,0,0,1,0,1,2
3497,1,0,0,0,1,0,0,2
3498,0,0,0,0,0,0,1,0
3504,2,3,1,1,1,2,12,11
3512,0,0,0,0,0,0,1,0
3513,3,0,0,2,1,0,7,7
3514,4,0,1,2,1,0,3,4
3520,5,1,0,0,0,0,5,4
3522,9,4,6,2,2,1,24,30
3523,4,2,2,2,2,1,7,6
3525,0,1,1,0,0,1,2,2
3526,0,0,0,1,0,0,1,1
3528,1,1,1,2,2,0,6,6
3529,0,0,0,0,0,0,0,0
3537,1,0,0,0,0,0,0,1
3538,1,0,0,1,0,0,1,2
3539,2,0,0,1,0,0,1,3
3540,0,0,0,0,0,0,0,3
3541,3,0,0,1,0,0,2,1
3543,2,1,1,0,0,1,4,4
3544,2,1,2,1,0,1,7,7
3545,0,0,1,1,0,0,3,3
3546,9,3,5,3,0,1,32,26
3549,0,1,0,0,0,0,0,4
3550,0,0,0,0,0,0,0,0
3551,1,1,0,0,0,0,1,3
3552,0,0,0,0,0,0,0,1
3554,0,0,0,0,0,0,1,0
3555,0,1,3,0,2,2,5,8
3556,1,5,5,1,1,2,14,14
3557,1,4,2,1,1,0,9,6
3558,7,2,4,1,1,1,15,18
3559,2,0,1,0,0,0,5,5
3560,5,2,3,1,1,1,10,13
3562,12,3,5,2,2,2,27,28
3564,4,4,3,0,0,0,13,11
3576,9,5,4,1,2,0,27,29
3581,5,4,2,2,2,2,10,12
3591,0,1,2,2,1,1,8,6
3594,1,2,2,1,0,1,4,5
3599,2,0,0,0,0,1,1,6
3601,6,0,2,1,1,1,16,9
3603,4,0,2,1,1,1,15,10
3604,1,2,1,1,0,0,11,9
3605,0,1,4,1,1,3,10,9
3606,2,1,3,0,0,3,9,8
3607,0,0,0,0,0,0,0,0
3613,1,0,1,2,0,1,3,2
3614,2,0,2,2,1,3,6,3
3615,0,0,2,0,1,0,4,5
3623,0,0,0,0,0,0,0,1
3624,4,2,3,1,2,4,16,13
3627,0,0,1,0,0,1,0,0
3628,0,0,0,0,0,0,0,0
3629,0,0,1,0,0,1,0,0
3630,0,0,0,0,0,1,4,1
3633,0,0,0,0,0,1,1,4
3639,4,3,0,1,1,1,9,8
3641,1,0,1,0,0,0,2,3
3642,1,0,0,0,0,0,3,3
3643,1,0,0,0,0,0,5,0
3647,4,1,1,0,1,2,8,5
3649,2,1,1,0,0,1,4,5
3656,4,3,3,1,2,4,15,18
3664,0,2,2,0,0,0,8,10
3666,1,1,1,0,2,1,9,5
3669,2,3,1,0,0,2,10,12
3673,7,1,4,2,1,3,20,22
3674,4,1,2,1,0,2,6,13
3676,5,2,4,2,1,4,17,13
3683,2,0,0,0,0,0,1,1
3684,3,3,2,1,3,4,15,15
3685,2,3,5,1,3,4,12,13
3686,1,0,3,0,0,0,5,6
3689,6,0,3,1,0,3,11,11
3695,0,0,2,0,0,1,2,1
3698,0,0,0,0,0,0,0,1
3704,2,1,4,1,2,4,14,8
3706,2,1,4,2,3,3,14,12
3707,0,2,2,1,1,3,14,10
3717,0,0,1,0,0,1,3,2
3726,2,2,1,0,1,0,9,6
3729,1,3,2,1,1,3,8,10
3733,6,6,6,1,0,2,32,32
3735,1,0,0,1,0,1,3,6
3742,2,2,5,3,2,5,21,18
3746,0,0,1,0,0,2,5,3
3757,3,2,2,0,0,1,3,8
3758,2,0,0,1,1,1,1,4
3763,2,0,1,1,1,2,4,2
3777,6,2,6,1,0,0,7,12
3808,1,0,0,0,0,0,0,1
3814,4,0,2,1,1,0,10,6
3826,3,2,4,2,0,3,9,12
3838,2,0,3,1,0,0,9,11
3841,1,0,0,0,0,0,3,6
3842,2,0,0,0,0,0,4,7
3848,0,0,3,2,0,0,5,2
3853,0,0,0,0,1,0,3,2
3855,1,1,2,1,1,3,3,10
3859,0,0,0,0,0,0,1,2
3866,0,0,0,1,0,1,1,1
3870,2,1,2,2,0,1,8,10
3871,3,0,1,0,0,0,9,8
3873,1,0,2,1,0,0,2,3
3877,3,0,2,1,1,2,13,12
3879,1,0,2,0,1,0,3,3
3880,3,0,6,2,2,2,6,19
3884,1,1,1,0,1,1,3,1
3889,5,5,4,4,3,2,28,32
3892,0,0,0,0,0,0,0,0
3893,1,1,0,0,0,0,2,2
3900,0,1,0,0,0,0,0,0
3904,0,0,0,0,0,0,2,0
3906,0,0,0,0,0,0,2,0
3912,0,0,0,0,0,0,2,1
3913,1,0,0,0,0,0,3,1
3914,1,0,0,0,0,0,3,2
3915,0,0,0,0,0,0,0,1
3918,5,7,4,3,2,2,25,33
3929,4,1,2,0,1,1,5,3
3930,0,1,0,1,0,1,3,2
3932,0,0,0,0,0,1,1,1
3933,0,1,0,1,0,0,2,1
3934,0,0,0,0,0,1,0,0
3936,0,1,0,0,0,0,0,0
3939,1,0,1,2,0,0,8,10
3940,3,2,5,1,1,6,15,10
3941,2,1,4,1,1,5,14,11
3942,4,1,1,0,0,1,7,4
3943,3,2,0,0,0,0,6,5
3947,3,1,2,0,0,0,10,5
3951,6,0,2,2,0,1,11,9
3965,1,0,1,0,0,0,9,4
3966,1,0,0,0,0,0,1,1
3967,1,0,1,0,0,0,9,4
3974,0,0,0,0,0,0,1,0
3980,1,0,0,0,0,0,2,1
3981,2,2,1,0,1,0,3,6
3987,1,5,2,0,0,0,10,10
3991,2,0,1,0,1,0,4,5
3992,5,1,2,1,1,2,10,10
3994,4,1,0,1,2,2,11,10
4001,5,5,5,1,2,3,7,17
4011,0,1,0,0,0,0,1,1
4013,0,0,1,0,0,0,1,1
4015,1,0,0,0,0,1,4,1
4016,3,1,2,1,1,3,9,8
4040,6,4,5,2,2,3,8,14
4042,1,0,0,0,0,1,3,4
4044,2,0,0,0,0,0,3,3
4066,1,0,0,0,0,0,1,1
4067,1,0,0,0,0,0,0,0
4070,0,1,0,0,0,1,4,3
4071,1,0,2,1,0,0,4,4
4078,0,0,1,1,0,0,13,2
4080,0,0,3,0,0,0,10,2
4081,0,2,1,1,0,1,6,1
4082,0,2,1,1,0,1,6,2
4083,0,0,0,0,0,0,0,1
4084,0,0,0,0,0,0,1,0
4089,0,0,0,1,0,0,2,1
4090,2,2,1,1,0,1,10,1
4095,6,3,6,2,3,0,14,15
4096,0,1,0,0,0,1,2,7
4097,6,2,6,2,3,1,14,16
4099,6,2,2,1,1,0,19,6
4109,15,7,3,4,2,4,24,19
4112,7,9,6,2,3,0,22,15
4116,1,1,2,1,0,0,8,13
4117,0,0,0,0,0,0,4,1
4118,0,0,0,0,0,0,2,0
4119,0,0,0,0,0,0,2,1
4121,0,0,0,1,0,0,2,0
4124,0,0,0,0,0,0,0,2
4127,13,7,9,2,2,4,23,24
4130,2,1,1,0,0,0,0,1
4132,7,3,2,1,1,2,21,21
4136,10,8,8,2,2,3,20,21
4145,1,0,0,1,0,0,0,1
4148,1,1,0,0,0,0,1,0
4149,0,1,1,1,0,1,8,2
4164,1,1,2,1,1,2,8,8
4165,3,3,3,3,1,1,9,7
4166,3,3,6,3,2,2,20,16
4167,1,1,3,1,0,0,12,6
4174,2,1,2,2,1,0,4,7
4175,4,2,3,2,1,0,4,8
4182,0,0,0,1,0,0,2,2
4202,5,2,1,1,1,0,15,6
4209,4,1,1,0,0,0,7,2
4210,5,1,1,0,0,0,8,2
4212,0,0,0,0,0,0,0,1
4213,0,1,0,0,0,0,0,1
4214,0,1,0,0,0,0,0,0
4215,0,0,0,0,0,0,0,0
4220,0,0,0,0,0,0,0,1
4224,1,3,1,0,1,2,2,7
4226,1,1,0,0,0,0,3,3
4228,1,3,8,3,2,2,18,13
4233,0,1,0,1,0,0,0,0
4259,1,1,2,0,0,0,5,2
4262,3,4,3,0,0,0,12,16
4263,1,0,1,0,0,0,2,2
4267,2,0,0,0,0,1,4,4
4269,3,0,1,1,0,0,5,3
4270,3,0,1,1,1,0,5,4
4271,0,0,0,0,1,0,0,1
4277,3,0,1,1,1,0,6,4
4278,1,0,0,0,0,0,0,0
4284,3,2,1,2,1,0,7,10
4287,5,0,3,1,1,0,4,7
4288,3,0,3,1,1,0,3,6
4292,5,1,1,0,0,0,7,2
4306,1,0,0,0,1,0,5,3
4307,1,0,0,0,0,0,3,2
4308,1,0,0,0,0,0,4,3
4309,0,0,0,0,0,0,0,0
4310,0,0,0,0,1,0,0,1
4315,3,1,1,0,0,0,6,2
4317,1,0,0,0,0,0,1,0
4319,1,2,0,0,0,0,1,1
4320,0,1,0,0,0,0,1,0
4321,1,1,0,0,0,0,2,1
4342,2,0,1,0,0,1,2,2
4343,2,0,1,0,0,1,2,2
4344,0,0,0,0,0,0,0,0
4352,1,0,1,0,0,0,1,3
4353,1,0,1,0,0,0,1,2
4358,0,1,0,2,0,0,1,1
4369,0,3,1,2,0,1,7,4
4371,1,1,0,1,0,0,2,3
4375,2,1,3,1,0,1,9,10
4376,2,1,5,2,0,1,7,7
4377,0,0,0,0,0,0,1,2
4396,0,0,0,0,0,0,0,0
4418,2,1,1,0,0,0,5,0
4419,3,6,3,1,1,1,10,11
4420,2,4,2,1,1,1,9,12
4421,0,1,0,0,0,0,0,1
4424,1,0,0,0,0,0,2,1
4430,1,2,0,1,1,0,5,11
4431,4,8,3,5,2,1,25,29
4438,1,7,4,2,1,1,20,22
4439,0,7,3,2,0,1,18,15
4440,0,0,1,0,1,0,3,6
4444,5,3,4,1,0,2,13,13
4447,3,3,1,3,1,0,9,9
4458,1,1,4,2,1,5,12,10
4460,0,0,0,0,0,0,1,0
4461,0,0,0,1,0,0,0,2
4463,0,0,0,0,0,0,2,0
4466,0,0,0,0,0,0,1,0
4471,3,0,2,2,0,1,10,8
4483,2,3,4,1,2,2,5,13
4484,3,2,3,2,1,0,5,9
4491,2,3,5,0,1,0,12,7
4492,0,0,1,1,0,0,0,1
4496,3,2,2,2,1,0,5,7
4502,2,1,3,1,1,1,13,8
4503,1,0,0,0,1,1,1,2
4509,3,0,0,1,2,3,4,4
4510,1,1,3,2,1,1,8,5
4511,1,2,1,1,1,1,7,3
4512,0,1,3,1,0,0,4,3
4513,0,1,1,1,0,1,7,2
4514,0,0,2,0,0,0,1,1
4515,0,1,0,1,0,1,7,2
4526,0,0,1,0,0,1,5,3
4527,2,1,2,0,0,0,6,4
4529,3,2,4,4,3,1,28,27
4530,0,0,0,0,0,0,0,4
4531,0,2,0,0,0,0,2,7
4540,0,1,1,0,0,1,7,10
4549,2,1,1,0,0,1,13,9
4554,1,2,0,0,2,1,3,5
4555,2,1,8,3,2,3,19,12
4572,4,1,2,1,0,1,6,11
4577,1,1,0,1,0,0,7,5
4624,3,0,0,0,1,0,5,2
4632,2,0,0,0,0,0,1,1
4637,6,3,9,3,1,2,20,16
4640,3,1,0,0,1,0,2,1
4641,2,0,1,0,0,0,2,1
4642,0,0,1,0,0,0,2,2
4646,1,1,0,0,1,1,7,2
4650,1,7,3,2,1,2,11,9
4651,1,6,2,2,1,1,8,6
4652,0,1,0,0,0,1,2,2
4664,7,4,6,0,1,3,17,18
4667,1,0,0,0,0,0,1,0
4675,2,1,1,0,0,0,5,4
4678,1,0,2,3,0,2,14,8
4679,2,0,0,0,0,0,1,1
4682,0,0,0,0,0,0,0,0
4692,3,2,0,0,1,0,5,3
4695,0,0,1,0,0,0,3,2
4697,0,0,0,0,0,0,1,0
4698,4,0,0,2,1,0,9,6
4699,0,0,0,0,0,0,0,0
4700,4,0,0,2,1,0,9,6
4702,0,1,3,0,1,0,3,5
4706,2,1,3,1,1,2,6,7
4707,11,8,6,9,3,7,42,34
4711,0,0,0,0,0,0,2,0
4712,4,1,0,2,1,0,11,6
4713,5,1,0,2,1,0,12,7
4732,1,1,1,1,2,0,9,10
4734,0,2,0,0,0,0,1,1
4737,0,0,0,0,1,0,4,3
4740,1,0,2,1,1,3,19,13
4742,1,0,0,0,0,0,2,5
4744,0,0,0,1,0,0,0,1
4746,2,0,1,0,0,0,3,0
4747,0,0,0,1,0,0,3,0
4748,2,0,3,2,0,3,10,2
4749,1,0,0,0,1,1,8,1
4750,2,2,4,2,1,4,13,7
4751,1,2,0,0,2,0,4,3
4757,1,0,1,2,0,1,8,2
4758,1,0,0,2,0,0,5,4
4763,2,0,0,0,1,0,2,1
4767,9,5,3,5,2,0,14,15
4773,6,4,6,1,1,3,18,16
4788,0,0,0,0,0,0,1,0
4790,1,0,0,2,1,0,0,0
4791,2,3,1,2,2,2,2,7
4796,2,0,1,0,0,0,2,1
4799,2,1,8,2,0,3,26,16
4800,3,2,4,1,0,0,17,10
4801,3,1,10,3,0,2,26,17
4803,8,8,7,4,2,3,24,33
4805,1,0,0,0,0,0,1,0
4806,5,10,9,2,0,1,30,32
4811,1,0,0,0,0,0,2,2
4812,1,0,0,0,0,0,2,2
4813,0,0,0,0,0,0,0,0
4817,1,2,0,0,0,0,5,0
4818,1,2,0,0,0,0,6,2
4819,0,0,0,0,0,0,5,2
4822,0,0,0,0,0,0,0,3
4823,3,2,2,2,1,0,9,6
4825,2,0,1,0,0,0,3,0
4828,0,1,0,0,0,0,3,3
4832,1,0,2,0,0,0,5,3
4835,0,0,0,0,0,0,0,0
4836,0,0,0,0,0,0,0,0
4841,6,13,12,2,1,1,44,35
4842,1,3,3,0,1,0,14,3
4844,0,0,0,0,0,0,1,1
4845,0,0,0,0,0,0,1,1
4846,0,0,0,0,0,0,0,0
4856,0,0,0,0,0,0,1,1
4859,0,0,0,0,0,0,0,1
4869,2,0,1,0,0,0,2,1
4871,13,14,14,2,2,1,51,40
4891,1,1,0,0,0,0,3,4
4907,1,3,4,0,0,1,2,4
4908,2,3,5,0,0,2,9,9
4912,3,0,1,1,2,0,11,7
4914,0,0,0,0,1,0,5,3
4919,2,0,0,0,0,1,5,6
4930,3,2,2,1,0,3,18,11
4935,0,0,0,0,1,0,1,2
4948,3,0,1,1,1,0,12,9
4950,0,0,0,0,0,0,0,0
4952,2,7,3,2,1,2,10,11
4955,2,2,2,1,2,3,21,12
4958,2,2,1,1,0,0,2,3
4959,8,3,2,4,2,0,13,15
4966,2,1,0,0,0,0,2,3
4968,0,1,1,1,0,0,0,0
4973,2,1,0,0,0,0,2,3
4975,0,0,0,0,0,0,0,0
4991,0,0,0,0,0,0,1,0
4992,2,1,0,0,0,0,3,3
4993,2,1,0,1,0,0,3,2
4994,0,1,0,1,0,0,1,0
5000,0,0,0,1,0,0,1,2
5002,0,1,0,0,0,0,2,2
5004,0,1,1,0,0,0,1,2
5040,0,0,0,0,0,0,0,1
5044,0,1,0,0,0,0,2,5
5061,2,1,0,0,0,0,2,2
5064,4,0,3,0,1,1,12,15
5067,0,1,3,1,1,1,13,7
5068,4,1,3,0,1,1,14,21
5069,1,0,2,0,0,0,6,3
5070,5,2,4,1,0,2,15,19
5076,1,0,2,0,0,1,9,2
5077,0,1,0,0,0,1,3,1
5078,1,0,2,0,0,0,7,2
5079,0,1,0,0,0,0,2,2
5085,1,0,2,1,1,0,3,4
5086,1,1,2,0,1,0,5,4
5087,0,1,0,1,0,0,4,4
5094,4,1,4,0,0,1,8,7
5103,1,1,1,0,0,0,5,6
5106,1,0,0,0,0,1,2,4
5107,0,0,3,0,1,1,4,7
5108,0,0,2,0,1,1,4,4
5110,1,0,1,0,0,1,2,5
5115,4,0,2,0,0,1,4,10
5116,1,0,2,0,0,1,1,5
5117,2,0,0,0,0,0,4,4
5118,1,0,0,0,0,0,3,3
5126,2,0,0,0,0,0,1,1
5127,1,0,0,0,0,0,1,0
5130,0,0,0,0,0,0,0,0
5147,1,0,0,0,0,0,1,0
5154,0,1,0,1,0,0,1,1
5161,2,0,1,4,2,0,6,6
5163,3,0,2,2,0,0,7,10
5164,1,0,1,0,0,0,1,4
5179,1,1,0,1,0,0,4,3
5180,0,1,0,1,0,0,3,3
5191,2,0,1,0,0,0,4,5
5195,3,0,1,1,0,1,12,7
5206,0,1,0,1,0,0,3,3
5209,2,0,0,0,0,0,0,1
5210,0,0,0,0,0,0,2,0
5228,0,0,0,0,0,0,2,0
5239,0,2,0,0,0,0,2,2
5240,1,0,0,0,0,0,0,0
5260,0,0,0,0,0,0,0,0
5273,0,2,0,0,0,0,2,2
5276,3,2,2,1,1,1,8,5
5278,1,0,1,0,0,1,1,4
5279,0,0,1,0,0,1,0,1
5280,1,0,0,0,0,0,1,3
5282,7,8,3,0,1,0,16,15
5291,0,0,0,0,0,0,2,1
5297,0,1,1,0,1,1,3,0
5298,1,0,4,2,1,2,7,7
5300,1,0,0,0,0,0,0,1
5301,0,0,0,0,0,0,0,1
5302,1,0,0,0,1,0,2,2
5303,0,0,0,0,1,0,2,2
5308,0,0,0,0,0,0,0,1
5313,0,0,1,0,0,0,0,0
5314,0,0,0,0,0,1,0,1
5317,6,4,1,3,1,1,13,15
5318,7,3,3,3,1,1,13,17
5333,0,0,0,0,0,0,1,1
5335,1,1,2,1,0,3,5,10
5341,3,1,0,0,0,0,6,2
5343,4,7,3,0,1,0,14,17
5346,0,0,0,0,0,0,2,1
5349,2,1,4,1,0,3,11,13
5351,3,1,7,3,2,3,18,11
5355,1,1,0,0,0,0,1,0
5363,4,1,2,0,1,0,6,8
5365,2,1,0,1,0,0,5,1
5367,2,1,0,1,0,0,4,3
5369,3,2,1,1,0,1,8,3
5370,3,4,1,0,0,1,8,1
5381,0,0,0,0,0,0,1,2
5390,2,0,0,0,0,0,4,7
5393,4,5,2,0,1,3,11,12
5395,2,1,3,1,0,1,19,11
5400,1,1,0,0,0,0,1,0
5428,1,0,1,0,0,1,2,1
5429,0,0,1,0,0,1,4,2
5432,3,1,3,1,1,1,18,10
5433,3,0,2,2,1,0,8,6
5436,2,0,2,2,1,0,11,10
5438,1,0,1,1,1,0,5,3
5442,2,0,1,0,1,1,7,6
5456,2,0,0,0,0,0,1,1
5461,0,1,0,0,0,0,1,0
5465,1,0,3,0,0,1,0,2
5467,1,0,2,1,0,1,3,5
5470,1,0,2,0,0,1,3,4
5480,0,0,0,0,1,0,1,0
5489,2,0,0,0,0,0,0,1
5492,0,0,0,0,0,0,1,2
5493,3,3,3,0,0,1,14,12
5494,2,1,0,0,0,1,2,4
5502,4,4,1,3,1,1,9,8
5513,1,0,0,0,0,0,2,2
5515,4,1,1,0,0,0,9,10
5529,0,1,1,0,1,0,2,3
5559,2,1,0,0,0,3,7,9
5560,1,1,0,0,0,0,2,4
5561,1,1,0,0,0,3,8,9
5562,0,1,0,0,0,0,1,4
5565,10,1,2,1,1,3,10,11
5566,4,0,1,0,1,1,6,12
5568,2,0,1,0,0,1,4,8
5569,0,0,0,0,0,0,0,0
5571,1,0,0,0,1,0,0,1
5572,1,0,0,0,0,0,2,5
5573,2,1,0,0,1,3,5,7
5577,0,0,0,0,0,0,0,0
5578,0,0,2,0,0,0,1,1
5579,0,0,2,0,0,0,1,1
5581,0,0,0,0,0,0,0,1
5582,0,0,2,0,0,0,1,0
5583,0,0,0,0,0,0,0,0
5584,0,0,2,0,0,0,1,0
5595,0,0,1,0,0,0,1,0
5596,0,0,0,0,0,0,0,0
5628,0,0,0,0,0,0,0,0
5632,0,1,2,0,0,0,4,6
5633,0,2,2,0,0,0,6,6
5643,1,0,0,0,1,0,3,1
5646,0,0,2,1,2,2,5,7
5647,0,0,2,1,2,2,5,7
5648,0,0,0,0,0,0,0,0
5649,0,0,0,0,0,1,1,1
5655,1,0,0,0,1,0,0,1
5658,0,1,0,0,0,0,0,2
5660,0,1,0,0,0,0,1,0
5662,1,3,2,1,0,0,8,6
5665,0,1,2,1,0,1,3,4
5666,0,1,1,1,3,1,4,4
5667,1,0,1,0,3,0,2,1
5668,1,0,1,0,0,1,3,3
5669,0,0,1,0,0,1,2,1
5670,1,0,0,0,0,0,1,2
5673,1,0,2,0,0,1,3,5
5674,3,1,2,0,1,4,8,12
5675,2,0,0,0,0,0,4,7
5682,0,0,1,0,0,0,1,4
5683,0,1,0,0,0,0,1,1
5685,1,0,0,0,0,0,1,0
5686,1,0,0,0,0,0,3,0
5687,0,0,0,0,0,0,2,0
5691,0,0,1,0,3,0,3,1
5694,0,0,2,1,2,2,5,7
5698,0,0,0,0,0,0,0,0
5704,0,0,0,0,0,1,4,4
5707,1,1,1,1,2,1,4,5
5709,0,1,1,0,0,0,3,2
5716,0,0,1,0,0,0,0,1
5719,0,0,0,0,0,0,4,1
5721,0,1,0,0,0,0,3,1
5724,1,0,2,1,0,0,2,1
5730,1,0,1,1,1,0,2,3
5732,1,0,0,0,0,0,0,0
5738,0,1,3,1,3,2,6,12
5740,0,0,0,1,1,0,1,4
5744,0,1,3,0,1,1,5,8
5746,0,0,2,1,3,2,4,7
5747,1,1,2,0,2,1,5,4
5754,0,0,0,0,0,1,4,5
5757,1,0,0,0,0,0,3,0
5761,0,0,0,0,0,0,2,1
5762,0,0,0,0,0,0,3,1
5763,1,0,0,0,0,0,0,1
5768,0,1,1,0,0,0,3,2
5787,0,0,1,0,0,0,0,1
5788,0,0,0,0,0,0,0,0
5800,0,1,1,0,0,1,5,6
5807,1,0,1,1,0,0,1,2
5808,0,0,0,0,0,0,1,2
5809,2,0,1,1,0,0,1,3
5815,1,0,0,0,1,0,0,1
5824,1,0,1,0,0,0,1,2
5839,1,2,0,0,0,0,5,4
5840,0,1,0,0,1,0,1,0
5847,0,0,0,0,0,0,2,1
5854,2,2,0,1,0,0,6,5
5855,0,1,0,0,0,0,3,1
5856,0,1,0,0,0,0,3,1
5857,0,0,0,0,0,0,0,0
5859,0,1,2,0,0,1,6,4
5862,2,0,0,0,0,0,4,5
5863,3,0,2,0,0,0,6,8
5864,2,2,3,0,0,0,5,4
5865,1,2,1,0,0,0,3,3
5869,1,1,0,0,0,0,1,0
5870,2,2,2,0,0,1,5,6
5871,1,1,2,0,0,1,4,6
5875,1,0,0,0,0,0,1,2
5877,7,3,3,3,1,2,10,6
5879,0,0,0,0,0,0,3,2
5880,0,0,0,0,0,0,3,1
5882,7,3,3,3,1,2,13,7
5886,5,4,2,3,1,3,13,9
5889,8,4,4,0,0,2,24,26
5893,0,1,1,0,1,0,3,1
5894,2,3,3,1,0,2,11,11
5905,2,1,5,1,1,0,9,9
5917,8,10,14,6,2,7,37,28
5918,0,0,3,0,0,0,2,4
5920,0,0,0,0,0,0,0,1
5934,6,3,5,3,2,6,15,18
5940,2,2,1,2,3,0,8,7
5960,5,1,3,0,1,1,9,16
5963,5,1,2,0,0,1,8,13
5965,0,0,0,0,0,0,1,1
5966,0,1,0,0,0,1,4,8
5968,3,0,2,0,0,0,2,3
5970,1,0,0,0,0,1,4,7
5994,1,0,1,0,0,0,2,2
5995,2,0,0,0,0,0,5,5
5996,1,0,1,0,0,0,3,5
5998,0,0,0,0,0,1,2,1
6001,2,1,0,0,0,0,3,3
6005,2,0,1,0,0,0,4,4
6029,2,0,0,0,0,0,2,2
6050,0,0,0,0,0,0,3,3
6055,3,3,1,0,0,0,5,8
6067,1,0,0,0,0,0,2,2
6068,1,0,0,0,0,0,2,2
6073,1,0,0,0,0,0,2,2
6086,3,1,0,0,0,0,4,5
6101,0,1,0,0,0,2,1,5
6117,12,2,6,0,1,2,26,20
6124,6,3,1,2,2,2,9,9
6125,3,1,1,1,1,0,3,3
6127,3,1,1,1,2,0,6,5
6129,3,0,1,1,2,0,5,4
6132,2,1,2,0,0,1,9,6
6134,0,1,0,0,0,0,1,0
6135,0,1,1,0,0,0,1,0
6138,2,0,0,0,0,0,1,3
6140,0,0,1,0,0,0,1,0
6143,2,1,2,0,0,1,8,5
6144,1,0,1,0,0,0,1,1
6148,1,0,1,0,0,0,1,1
6150,0,0,0,0,0,0,0,0
6153,0,0,1,0,0,0,0,0
6154,2,0,0,0,0,0,2,1
6155,2,0,0,0,0,0,2,1
6157,4,1,0,0,0,0,3,3
6158,6,3,2,0,0,1,10,10
6159,4,2,2,0,0,1,7,7
6176,2,2,1,0,0,0,7,3
6179,1,1,0,0,1,0,3,7
6180,4,1,0,0,0,0,4,11
6181,3,0,0,0,1,0,5,6
6182,5,1,3,0,0,1,11,7
6183,8,2,2,0,0,0,11,11
6184,3,1,1,0,0,1,6,4
6185,0,0,0,0,0,0,0,1
6186,0,0,0,0,0,0,0,1
6194,0,0,0,0,0,0,0,1
6196,0,0,0,0,0,0,0,2
6205,0,1,0,0,0,0,1,0
6206,0,1,0,0,0,0,3,3
6207,0,1,0,0,0,0,0,1
6208,1,1,1,0,1,0,2,4
6209,0,0,1,0,1,0,5,4
6210,0,0,0,0,0,0,0,0
6211,0,1,0,0,0,0,0,0
6212,0,1,0,0,0,0,0,0
6213,0,1,0,0,0,0,3,1
6215,0,0,0,0,0,0,1,0
6216,0,1,0,0,0,0,4,1
6221,0,0,0,0,0,0,0,0
6224,0,0,0,0,0,0,0,1
6226,0,1,0,0,0,0,2,2
6227,1,0,0,0,0,0,2,2
6228,1,1,0,0,0,0,2,0
6233,0,0,0,0,0,0,0,0
6234,1,0,0,0,0,0,2,2
6238,0,0,0,0,0,0,0,0
6240,0,0,0,0,0,0,0,0
6241,0,0,0,0,0,0,1,0
6243,0,0,0,0,0,0,0,1
6248,1,0,0,0,0,0,1,0
6250,0,0,0,0,0,0,2,1
6251,1,0,0,1,0,0,4,4
6255,1,1,1,1,0,1,6,5
6256,2,0,1,0,0,0,4,5
6264,1,0,1,0,0,0,2,2
6268,0,0,0,0,0,0,0,0
6270,0,0,0,0,0,0,0,0
6271,0,0,0,0,0,0,0,0
6272,0,0,0,0,0,1,4,1
6273,1,0,1,0,0,1,3,1
6274,1,0,1,0,0,2,4,2
6275,0,0,0,0,0,2,3,0
6284,0,0,0,0,0,0,2,1
6305,0,0,0,0,0,0,3,3
6315,2,1,5,1,1,5,14,15
6316,0,0,1,0,0,2,3,2
6317,2,1,5,1,1,3,12,14
6319,0,0,1,0,0,0,1,0
6320,1,0,1,0,0,0,0,0
6322,0,0,0,0,0,0,1,1
6323,0,0,0,0,0,0,1,2
6324,0,0,0,0,0,0,0,0
6325,0,0,0,0,0,0,0,0
6326,2,0,1,0,0,0,0,1
6327,2,0,1,0,0,0,0,1
6330,2,0,0,0,0,0,2,2
6337,0,0,1,0,0,1,1,2
6339,1,0,0,0,0,0,2,1
6343,0,0,0,0,0,0,0,1
6354,2,0,0,0,0,0,2,2
6355,2,0,0,0,0,0,0,2
6370,9,2,1,2,0,1,10,18
6371,0,0,1,0,0,0,4,5
6372,8,2,1,2,0,1,12,17
6376,0,0,0,0,0,0,0,0
6390,0,0,0,0,0,0,5,2
6391,0,0,1,0,0,0,6,2
6392,1,0,1,0,0,1,1,0
6397,2,1,0,0,0,0,3,3
6398,0,0,0,1,0,0,2,1
6399,2,0,0,1,0,0,4,3
6404,0,1,1,0,0,0,4,5
6418,3,0,2,0,1,0,8,7
6419,4,2,4,1,0,0,10,11
6421,2,1,6,1,1,3,11,12
6422,0,0,2,0,0,0,2,1
6440,1,0,2,0,0,0,3,3
6445,0,1,2,0,0,0,8,5
6446,0,0,1,2,0,0,6,6
6448,8,2,2,0,0,1,9,13
6449,1,0,0,0,0,0,0,0
6451,0,0,0,0,0,0,1,1
6461,0,1,0,0,0,0,1,2
6462,1,0,0,1,0,0,5,3
6464,4,3,5,1,1,3,7,7
6465,8,3,2,2,0,1,9,16
6466,5,5,7,1,1,3,8,13
6467,5,2,2,2,0,1,11,13
6483,4,2,2,0,0,1,7,10
6485,1,0,0,0,0,0,3,3
6508,0,1,0,0,0,0,1,2
6511,2,1,0,1,0,1,5,5
6514,2,0,1,0,1,1,3,2
6516,3,0,0,0,0,3,1,5
6517,3,0,1,0,1,2,2,5
6518,2,3,1,2,0,3,5,9
6520,1,3,1,2,0,0,4,5
6521,0,0,0,0,0,0,0,1
6523,1,1,1,1,0,2,7,5
6524,1,0,0,0,0,0,0,2
6525,0,0,0,0,0,1,1,3
6527,0,1,0,1,0,0,3,3
6533,4,3,6,1,1,3,11,12
6534,3,3,6,1,1,4,9,13
6535,1,0,0,0,0,1,2,1
6539,3,2,2,1,0,1,6,8
6540,3,2,7,1,0,2,10,13
6541,0,0,5,0,0,1,4,5
6542,5,2,3,0,0,3,10,11
6543,3,2,1,1,0,0,5,5
6545,3,0,2,0,0,2,7,6
6546,5,1,3,0,0,3,7,10
6548,2,0,1,0,0,0,5,3
6549,4,0,0,0,0,3,3,7
6550,5,1,3,0,0,3,6,10
6551,1,1,2,0,0,0,2,6
6552,3,0,0,0,0,2,1,5
6553,3,0,0,0,0,2,1,5
6554,0,0,0,0,0,0,0,0
6555,3,0,0,0,1,2,3,6
6557,0,0,0,0,0,0,1,0
6560,0,0,0,0,0,0,0,0
6562,0,1,4,1,1,1,4,7
6563,3,1,6,3,2,3,9,12
6583,11,3,0,0,1,3,13,16
6591,11,3,0,0,1,3,11,15
6592,2,0,0,0,0,0,4,3
6593,3,2,5,1,0,1,20,17
6595,5,2,5,1,0,2,25,21
6596,8,4,2,2,2,0,10,13
6597,7,4,2,2,2,0,9,12
6598,1,0,0,0,0,1,2,2
6600,0,1,0,1,0,0,4,6
6605,1,1,0,1,1,0,5,7
6606,2,1,2,1,1,0,9,13
6607,1,0,2,0,2,0,6,6
6611,5,3,7,1,0,3,18,22
6613,0,0,2,0,1,0,3,2
6620,1,1,0,0,0,1,3,3
6633,1,1,1,0,0,0,0,3
6636,0,1,0,0,0,1,3,2
6637,2,1,1,1,1,1,10,11
6643,0,0,1,0,0,0,0,0
6644,0,0,0,2,0,1,2,0
6645,0,0,1,1,0,0,0,2
6646,1,0,1,2,1,1,9,6
6648,0,0,0,0,1,0,5,6
6649,1,0,1,2,1,1,9,6
6650,0,0,1,0,0,0,0,0
6651,1,0,2,3,1,1,11,8
6652,0,0,0,1,0,0,2,2
6658,8,9,7,1,1,3,42,45
6661,4,4,3,0,0,3,24,26
6664,0,0,0,0,0,0,1,2
6665,0,0,0,0,0,0,0,0
6670,1,2,2,0,0,0,1,1
6672,1,2,2,0,0,0,2,1
6674,0,0,0,0,0,0,1,0
6676,2,2,2,0,0,0,2,1
6677,2,0,0,0,0,0,1,1
6679,0,2,0,0,0,0,1,1
6680,2,0,2,0,0,0,3,0
6681,0,0,1,0,0,0,2,0
6683,2,0,1,0,0,0,1,0
6686,0,1,2,0,0,0,15,6
6696,0,0,0,0,0,0,1,0
6697,0,2,0,0,0,0,2,1
6698,2,0,0,0,0,0,1,1
6699,5,2,2,2,0,4,18,17
6701,0,0,0,0,0,0,1,1
6703,2,0,0,0,0,0,0,1
6709,5,4,2,2,2,4,20,20
6719,2,1,3,0,0,0,16,6
6723,1,5,2,0,0,2,11,15
6725,3,7,5,0,0,2,21,21
6729,2,1,2,0,0,0,3,3
6730,2,1,2,0,0,0,4,3
6731,0,0,0,0,0,0,1,0
6736,0,0,0,0,0,0,1,2
6737,1,0,2,0,0,0,3,5
6740,1,0,0,0,0,0,2,1
6741,1,0,1,0,1,0,2,4
6742,0,0,1,1,1,0,5,2
6743,1,0,0,1,0,0,3,2
6744,4,4,2,4,1,2,16,18
6745,1,1,0,1,1,0,5,6
6746,5,3,2,3,0,2,11,12
6749,1,2,1,0,0,0,4,6
6750,2,0,4,4,0,2,6,12
6753,2,2,4,6,0,3,10,17
6754,3,2,1,2,0,2,8,10
6757,0,1,1,0,0,0,2,6
6761,2,1,8,5,0,5,18,18
6762,0,1,4,1,0,3,12,6
6764,2,1,0,0,0,0,2,1
6765,0,0,0,0,0,0,0,0
6766,0,0,0,0,0,0,0,1
6767,1,1,0,0,0,0,1,1
6768,0,0,0,0,0,0,1,0
6769,0,0,0,0,0,0,2,1
6770,0,0,0,0,0,0,2,0
6771,0,0,0,0,0,0,3,1
6772,0,2,0,1,0,0,10,9
6773,0,1,0,0,0,0,4,4
6774,0,1,0,0,0,0,5,4
6775,0,1,0,1,0,0,4,1
6780,1,1,1,0,0,0,3,3
6781,0,0,2,0,0,0,2,0
6782,3,2,6,0,3,1,15,13
6783,1,0,0,1,0,1,1,4
6784,4,2,4,1,3,2,14,17
6791,0,0,0,0,0,0,2,1
6795,0,0,0,0,0,1,0,1
6796,0,0,0,0,0,1,0,1
6802,0,0,0,1,0,0,6,5
6803,4,3,5,2,2,2,15,11
6804,3,3,5,2,2,1,14,12
6817,0,1,0,0,0,0,3,3
6820,5,3,4,2,1,1,11,12
6826,4,1,3,0,1,3,5,6
6828,1,0,0,1,0,0,2,1
6829,0,0,0,0,0,0,0,0
6830,0,0,0,0,0,0,0,1
6837,0,1,1,0,0,0,1,1
6839,0,1,1,1,0,0,7,6
6842,1,0,0,1,0,0,0,1
6847,5,0,2,1,1,1,10,6
6851,0,0,0,0,0,0,0,0
6852,0,0,0,0,0,0,0,1
6854,0,0,0,0,0,0,0,1
6855,0,1,0,0,0,0,0,2
6861,0,0,1,0,0,0,0,2
6862,0,1,1,0,0,0,0,1
6864,6,0,2,1,1,1,10,8
6868,1,2,0,0,0,0,3,3
6871,1,2,0,0,0,0,2,2
6872,0,0,0,0,0,0,1,1
6873,0,0,0,0,0,0,0,0
6874,0,0,0,0,0,0,0,0
6875,0,0,0,0,0,0,0,0
6881,0,1,0,0,0,0,0,0
6884,0,1,0,0,0,0,0,0
6887,0,0,0,0,0,0,0,0
6888,1,1,0,0,0,0,1,1
6889,0,0,0,0,0,0,0,0
6895,1,1,0,0,0,0,1,1
6898,0,0,0,0,0,0,0,0
6932,4,2,2,1,0,0,8,10
6947,3,3,3,2,1,1,11,12
6948,2,3,3,1,1,0,9,7
6949,1,0,0,1,0,0,1,5
6950,0,0,0,0,0,1,1,0
6954,3,3,3,2,1,1,11,12
6956,1,0,0,0,0,0,1,1
6960,0,0,0,0,0,0,0,0
6964,1,1,4,2,1,2,13,15
6965,4,0,2,0,0,1,1,5
6966,0,1,0,0,0,0,2,1
6972,2,0,1,0,0,2,2,2
6973,0,0,1,0,0,0,4,1
6974,2,0,0,0,0,1,1,0
6978,0,2,1,0,0,0,1,1
6983,1,2,2,0,1,0,5,9
6984,0,1,1,0,1,0,4,8
6985,0,0,1,0,0,0,5,3
6986,1,1,2,0,0,0,6,4
6993,0,0,0,0,0,0,0,0
6994,0,0,2,0,0,0,2,2
6995,0,2,1,0,0,0,1,1
7007,1,2,2,0,0,0,5,2
7030,0,1,0,0,0,0,1,0
7031,0,0,1,0,0,0,1,2
7034,4,1,1,1,1,1,14,13
7036,4,2,1,1,1,1,14,12
7037,0,0,0,0,0,0,1,2
7077,3,0,0,0,1,0,2,2
7092,0,0,0,0,0,0,0,0
7095,0,0,0,0,0,0,0,0
7096,0,0,0,0,0,0,0,0
7097,0,0,0,0,0,0,0,0
7099,0,0,0,0,0,0,0,0
7100,0,0,0,0,0,0,0,0
7103,2,0,1,1,0,1,5,7
7106,0,0,0,0,0,0,0,0
7117,0,0,0,0,0,0,0,0
7123,5,5,4,2,3,3,19,26
7125,1,2,0,0,0,1,2,4
7131,0,1,0,0,0,0,0,2
7132,5,5,4,2,3,3,20,27
7141,0,1,0,0,0,0,0,0
7143,0,0,0,0,0,1,0,1
7144,1,2,0,0,0,0,1,2
7154,2,2,2,0,0,0,5,7
7157,0,0,1,1,0,0,7,5
7158,0,4,3,1,0,0,11,5
7159,0,4,2,0,0,0,4,0
7186,0,0,0,0,0,0,0,2
7188,0,1,1,0,0,0,1,2
7207,6,9,5,2,0,2,17,20
7219,1,3,0,1,0,0,9,8
7223,0,1,0,0,0,0,0,1
7242,0,1,2,1,0,3,12,6
7243,2,2,6,7,0,6,21,22
7246,1,2,1,0,1,0,6,8
7266,0,1,2,0,0,0,2,2
7283,1,0,3,0,0,0,5,3
7284,1,0,1,0,0,0,5,1
7285,0,0,2,0,0,0,0,2
7287,1,0,3,0,0,0,5,4
7288,4,1,0,0,0,2,18,16
7289,5,1,2,0,0,2,12,15
7291,0,0,1,0,0,0,0,0
7292,4,2,1,0,0,2,19,17
7294,1,0,1,0,0,0,3,1
7296,1,0,1,0,0,0,4,0
7298,2,2,3,2,2,1,16,18
7311,0,2,2,0,0,1,9,8
7365,0,0,0,0,0,0,0,0
7367,0,5,2,0,0,0,5,8
7368,0,2,1,0,0,0,3,3
7369,0,3,1,0,0,0,2,5
7370,0,1,0,0,0,0,1,3
7371,0,0,1,0,0,0,1,2
7372,0,2,1,0,0,0,1,4
7376,0,1,0,0,0,0,1,1
7378,0,0,0,0,0,0,0,0
7382,0,0,0,0,0,0,0,0
7386,7,9,5,2,0,2,25,25
7391,1,0,0,0,0,0,2,3
7392,1,1,0,1,0,0,1,2
7393,0,1,0,0,0,0,4,6
7410,9,5,5,0,0,0,18,16
7411,1,2,1,0,1,0,8,16
7425,3,0,1,0,0,0,7,3
7426,4,0,1,0,1,1,6,2
7433,0,0,3,0,0,0,2,3
7451,1,0,2,0,0,1,9,4
7463,11,9,8,2,3,3,28,28
7478,10,7,6,1,1,5,14,20
7479,8,5,6,1,1,5,11,15
7483,10,7,6,1,1,4,12,18
7488,0,0,0,0,0,0,1,1
7503,4,0,2,1,0,1,6,8
7506,0,0,0,0,0,1,1,1
7509,0,1,0,0,0,0,2,2
7512,0,0,0,0,0,0,0,1
7513,1,0,0,0,0,0,2,1
7514,1,0,0,0,0,0,2,0
7519,6,2,1,0,0,1,11,10
7521,1,1,0,1,0,1,9,3
7527,3,2,1,0,0,0,7,5
7529,0,0,0,0,0,0,1,1
7531,0,1,0,0,0,0,1,1
7534,0,1,0,0,0,0,3,2
7535,0,2,0,0,0,0,2,1
7536,0,0,0,0,0,0,0,0
7538,2,2,1,0,0,0,2,5
7544,0,1,0,0,0,0,1,0
7545,0,0,0,0,0,0,0,1
7546,0,1,0,0,0,0,1,1
7554,10,2,4,1,2,1,19,18
7555,10,2,4,1,2,1,19,18
7558,0,0,0,0,0,0,0,0
7565,0,1,0,0,0,0,0,2
7573,0,1,0,0,0,0,0,1
7574,0,2,0,0,0,0,3,3
7577,1,2,1,0,0,0,4,4
7582,3,7,2,0,1,0,14,11
7583,3,5,1,0,1,0,8,5
7586,3,1,1,0,0,0,5,3
7593,0,2,0,0,0,0,1,1
7610,1,0,0,0,0,0,2,1
7612,0,0,0,0,0,0,0,0
7627,0,0,0,0,0,0,0,0
7628,1,2,1,1,0,1,10,4
7631,9,7,3,0,2,1,23,16
7650,12,10,9,2,1,7,53,44
7651,4,2,6,4,3,3,20,23
7666,1,1,0,0,0,0,3,5
7683,3,2,1,0,0,0,4,5
7711,1,3,2,0,0,0,5,5
7714,6,1,2,1,1,1,9,6
7716,3,1,2,0,1,0,9,11
7726,0,2,0,0,0,0,2,1
7740,0,2,0,0,0,0,2,4
7745,0,0,0,0,0,0,0,0
7810,1,1,1,0,0,0,4,3
7812,0,0,0,0,0,0,1,0
7813,5,1,2,1,1,4,14,11
7815,3,0,3,1,1,5,7,7
7823,0,0,2,0,0,0,2,1
7824,6,3,3,1,0,1,22,11
7829,4,3,3,0,0,2,15,18
7833,1,1,0,1,0,0,5,7
7845,0,0,0,0,0,0,0,4
7846,0,0,1,0,0,0,1,3
7849,3,0,2,1,0,1,11,6
7851,0,0,0,0,0,0,1,4
7852,0,0,1,0,0,0,0,1
7855,3,2,1,2,0,2,6,10
7858,0,0,0,0,0,0,0,0
7859,3,0,1,2,0,0,2,1
7860,2,0,0,1,0,0,0,1
7862,3,3,2,2,0,2,11,11
7864,1,3,2,1,0,1,4,5
7865,0,0,1,0,0,0,1,0
7866,1,3,2,1,0,1,4,4
7870,0,0,0,0,0,0,1,1
7871,0,0,0,0,0,0,1,2
7872,0,0,0,0,0,0,0,1
7879,0,0,1,0,0,0,3,2
7881,0,0,1,0,0,1,4,3
7894,0,0,0,0,0,0,0,0
7903,5,1,2,0,0,1,9,10
7905,10,2,1,1,1,0,13,14
7909,0,0,0,0,0,0,0,0
7917,0,0,0,0,0,0,0,0
7925,1,1,0,0,0,0,1,1
7926,0,0,0,1,0,0,1,1
7932,0,2,0,0,0,0,1,2
7933,0,1,0,0,0,0,2,1
7934,0,0,0,0,0,0,0,0
7935,0,0,0,0,0,0,1,1
7937,0,0,0,1,0,0,0,1
7938,2,2,1,1,1,2,13,13
7940,1,0,0,0,0,0,1,2
7947,0,0,0,0,0,0,0,0
7954,3,0,2,2,2,1,14,15
7970,1,0,0,1,0,0,3,1
7978,9,2,1,1,1,0,14,13
7982,0,5,2,0,0,0,3,1
7989,4,1,2,0,0,1,8,10
7995,2,3,2,0,1,0,7,7
8048,0,1,0,0,0,0,0,0
8069,1,0,0,2,1,0,3,3
8070,1,0,0,2,1,0,4,3
8071,1,0,0,0,0,0,0,1
8084,3,0,0,0,0,0,2,1
8088,1,0,0,0,0,0,0,0
8109,1,0,1,0,0,0,0,2
8113,3,0,0,0,0,0,2,2
8121,0,0,0,0,0,0,0,0
8129,0,0,0,0,0,1,1,0
8156,1,0,1,0,0,1,1,3
8157,1,0,0,0,0,1,0,1
8194,4,2,1,3,1,0,8,16
8214,1,1,1,0,0,0,5,3
8216,1,0,1,0,0,0,1,0
8240,5,2,4,2,0,1,12,10
8261,2,1,1,1,0,0,10,9
8264,0,0,0,0,0,0,2,3
8267,2,1,0,1,0,0,5,3
8268,1,1,0,0,0,0,0,0
8279,0,1,0,0,0,0,2,3
8280,1,2,2,0,1,0,5,7
8286,2,0,1,0,0,1,5,9
8287,2,1,2,0,1,0,7,7
8294,2,1,1,0,1,0,2,2
8295,1,1,0,0,0,0,3,4
8296,1,0,0,0,1,0,1,0
8298,4,0,1,0,2,2,9,4
8299,1,1,1,1,1,2,3,1
8303,2,0,0,0,0,2,8,5
8307,0,0,0,0,0,0,0,1
8312,2,0,2,0,1,0,2,2
8313,0,1,0,0,0,0,1,1
8330,0,0,0,0,1,0,2,1
8343,0,0,0,0,1,0,1,0
8344,1,0,1,0,0,1,1,0
8346,0,0,0,0,1,0,1,1
8359,2,1,2,0,0,0,5,6
8369,1,0,0,0,0,0,2,1
8377,0,1,0,0,0,0,3,4
8383,6,3,2,0,0,0,17,14
8384,3,0,0,0,0,1,11,4
8385,7,3,2,0,0,1,14,14
8386,2,4,2,0,0,3,13,10
8387,0,1,2,2,1,1,5,3
8388,2,3,2,1,1,4,15,12
8391,0,0,2,1,2,2,3,4
8395,0,1,1,1,1,1,6,5
8398,0,1,1,1,1,1,7,6
8399,0,0,0,0,0,0,3,1
8400,0,1,1,2,0,0,7,4
8401,1,0,0,0,0,0,1,1
8402,8,3,2,0,0,1,13,13
8404,0,0,0,0,0,0,0,1
8407,1,0,0,0,0,0,1,1
8408,1,0,0,0,0,0,1,2
8417,1,0,0,0,0,0,1,0
8437,2,1,2,0,0,1,1,2
8450,2,0,1,0,0,0,4,3
8463,4,0,0,1,1,0,8,7
8485,2,0,0,1,2,0,2,2
8504,0,0,0,0,0,0,0,0
8507,0,0,0,0,0,0,0,0
8518,0,0,0,0,0,0,0,0
8519,0,0,0,0,0,0,0,0
8523,1,1,0,0,0,1,2,2
8524,4,1,0,0,0,0,3,3
8525,5,2,0,0,0,1,5,5
8526,4,0,1,0,0,2,9,8
8527,5,1,2,0,0,2,14,11
8529,1,0,0,0,0,0,1,1
8530,1,0,0,0,0,1,1,3
8531,0,1,0,0,0,1,3,1
8532,1,0,0,0,0,1,0,2
8533,1,0,0,0,0,1,0,2
8534,0,0,0,0,0,0,0,0
8538,1,0,2,1,0,0,3,5
8539,3,4,0,3,1,2,13,13
8543,0,1,0,0,0,1,3,1
8544,2,3,0,2,1,1,8,10
8549,1,0,1,0,0,0,1,2
8550,1,0,4,0,0,2,10,11
8556,0,0,0,0,0,0,0,0
8571,1,0,0,0,0,0,0,0
8575,1,0,0,0,0,0,0,0
8578,0,0,1,0,0,0,0,0
8580,2,3,2,0,0,1,8,7
8581,3,2,1,0,0,0,7,5
8582,0,1,0,0,0,1,0,1
8586,0,0,0,0,0,0,1,0
8588,0,0,0,0,0,0,1,0
8590,2,2,1,0,0,0,7,4
8593,0,1,0,0,0,0,2,2
8599,0,1,0,0,0,0,1,0
8606,0,0,0,0,0,1,0,1
8638,3,3,3,0,0,1,13,12
8684,1,1,2,1,1,1,1,4
8686,1,3,0,0,0,0,8,8
8703,1,4,2,1,1,1,8,12
8704,1,3,0,0,1,1,8,8
8705,0,1,2,1,0,0,0,4
8708,0,0,0,0,1,1,2,1
8709,1,1,2,1,1,1,1,4
8711,0,0,0,0,0,0,2,1
8712,0,1,2,1,0,0,0,5
8713,0,1,0,0,0,0,1,2
8716,1,3,0,0,0,0,6,7
8722,3,1,4,0,2,1,6,11
8729,1,1,0,0,0,0,1,1
8731,1,0,0,0,0,0,3,2
8732,1,0,0,0,0,0,2,2
8733,0,0,1,0,0,0,0,1
8745,2,0,0,0,0,0,0,1
8765,8,3,6,0,2,3,27,26
8780,8,6,5,1,1,3,25,31
8782,3,1,3,1,0,5,13,18
8790,0,0,0,0,0,0,2,3
8831,3,1,1,0,0,1,5,2
8833,1,1,3,1,1,3,5,12
8845,0,1,0,1,0,0,1,0
8849,0,0,0,0,0,0,0,0
8857,0,0,0,0,0,0,1,1
8863,4,0,1,0,0,0,4,6
8869,3,0,1,0,0,0,3,2
8872,2,1,7,2,1,6,18,20
8874,2,0,1,0,0,0,3,2
8879,7,4,3,3,1,2,14,11
8910,3,1,8,2,0,1,10,7
8912,0,0,0,1,2,0,5,1
8918,0,0,0,0,0,0,3,2
8926,1,0,1,0,0,0,5,4
8929,5,1,2,2,0,4,13,18
8936,9,7,10,1,0,3,35,41
8964,2,0,1,0,0,1,3,17
9043,3,4,3,1,1,2,14,21
9044,3,6,4,0,2,2,16,20
9047,1,3,1,0,1,1,5,6
9048,1,3,1,0,1,1,6,7
9049,0,0,0,0,0,0,1,1
9050,0,0,1,0,1,1,0,1
9051,2,2,2,0,1,1,5,5
9052,2,1,1,0,0,0,4,3
9053,2,2,3,0,1,0,5,5
9054,0,0,1,0,0,1,0,0
9059,0,0,0,0,0,1,0,1
9072,0,0,4,0,0,4,11,10
9077,0,0,0,1,0,1,2,0
9079,0,0,1,0,0,2,1,3
9080,1,0,2,0,0,0,11,8
9090,1,0,4,0,0,1,14,13
9103,3,2,3,2,0,1,11,9
9104,11,10,8,6,2,2,33,38
9114,0,1,0,0,0,0,2,0
9115,1,1,0,0,0,0,0,0
9116,1,0,0,0,0,0,2,0
9117,0,0,0,1,0,0,2,1
9124,0,0,1,0,0,0,0,0
9125,0,0,1,0,1,0,4,1
9127,0,1,0,0,1,1,3,3
9151,5,1,3,0,0,2,11,13
9152,4,1,2,0,0,2,10,13
9176,1,0,1,0,0,1,3,5
9177,1,0,0,0,0,0,0,1
9233,0,1,7,2,1,1,19,14
9234,1,0,2,0,0,0,2,6
9235,1,1,6,2,1,1,22,11
9236,1,2,4,0,0,1,4,3
9237,0,1,9,1,1,1,14,10
9238,1,1,5,1,1,1,13,8
9243,0,0,0,0,0,0,0,1
9246,5,9,6,3,0,2,17,20
9249,0,0,0,0,0,0,0,1
9251,0,0,0,0,0,0,0,1
9253,0,0,0,0,0,0,0,1
9256,2,0,0,1,0,0,1,1
9261,2,1,1,0,0,0,2,5
9280,2,1,0,0,0,1,3,5
9281,0,0,1,0,0,0,1,1
9282,0,0,0,0,0,0,1,0
9286,2,1,0,0,0,0,3,4
9287,0,0,0,0,0,1,0,1
9289,1,0,0,0,0,0,2,1
9301,0,0,2,0,0,0,1,3
9302,0,0,3,0,0,1,3,4
9304,1,0,1,0,1,0,3,2
9305,1,0,2,0,1,2,5,2
9306,1,1,2,0,0,2,2,3
9307,1,1,1,0,0,0,0,3
9308,3,6,3,1,0,3,16,19
9309,1,3,2,0,0,0,12,11
9311,1,0,1,0,0,0,1,3
9312,0,0,0,0,0,0,0,0
9313,1,0,1,0,0,0,1,3
9314,1,0,1,0,0,0,1,3
9330,0,0,0,0,0,0,0,0
9333,0,0,0,0,0,0,0,0
9375,2,1,1,1,0,0,4,4
9376,0,1,0,0,0,0,0,0
9386,2,0,1,1,0,1,7,3
9394,1,1,1,1,0,1,4,3
9406,12,8,8,3,4,3,30,30
9408,8,10,16,6,3,9,44,39
9410,1,0,1,0,0,0,0,0
9414,0,0,0,0,0,0,0,0
9415,0,0,1,0,0,0,2,1
9416,0,0,2,0,0,0,3,0
9417,0,1,3,1,0,0,7,6
9431,0,0,0,0,0,0,0,1
9434,2,5,1,0,0,1,12,15
9435,2,4,1,0,0,0,13,15
9436,2,5,1,0,0,1,12,16
9438,3,4,2,1,0,1,9,16
9439,3,4,1,1,0,1,7,14
9440,0,0,1,0,0,0,2,2
9441,1,0,0,0,0,1,1,2
9442,1,0,1,0,0,1,4,3
9443,0,0,0,0,0,0,2,0
9444,0,1,0,0,0,1,0,2
9445,0,1,0,0,0,1,0,2
9446,0,0,0,0,0,0,0,0
9449,0,1,0,0,0,0,0,0
9454,0,0,0,0,0,1,1,3
9458,0,0,0,0,0,0,0,0
9460,0,0,0,0,0,0,2,0
9463,0,0,0,0,0,0,2,0
9467,0,0,0,0,0,0,0,0
9474,3,3,3,2,0,0,16,15
9475,3,2,2,0,0,0,10,4
9476,3,1,1,2,0,0,7,14
9477,3,8,3,2,0,0,16,15
9479,2,2,2,1,0,1,6,8
9480,1,2,1,1,1,1,7,8
9481,1,3,1,0,0,0,11,8
9482,2,7,2,2,0,0,16,14
9483,0,1,0,0,0,0,1,1
9488,3,3,2,1,0,0,11,14
9490,1,1,1,1,0,0,6,7
9491,1,0,0,1,0,0,0,1
9492,2,3,0,1,0,0,7,14
9494,1,2,0,0,0,0,5,12
9495,1,0,0,0,0,0,2,3
9496,2,2,1,0,0,0,4,12
9498,0,0,0,0,0,0,1,0
9506,3,1,2,0,0,1,12,6
9507,0,1,1,0,0,0,0,1
9510,1,0,2,0,0,0,5,3
9512,1,1,1,0,0,0,5,4
9515,0,1,0,0,0,1,4,2
9516,1,0,1,0,0,0,7,2
9517,7,3,2,0,0,0,16,13
9519,6,3,2,0,0,0,8,8
9520,2,0,1,1,0,0,7,3
9530,3,3,2,0,0,0,12,7
9536,1,1,2,0,0,0,3,3
9537,0,0,0,0,0,1,1,1
9538,1,1,2,0,0,0,3,3
9542,0,0,1,0,0,1,2,4
9543,0,1,2,0,0,1,3,4
9544,0,1,0,0,0,1,2,2
9545,0,0,2,0,0,0,1,2
9547,1,0,1,0,0,1,2,4
9554,0,0,0,0,0,0,0,0
9555,0,0,0,0,0,0,0,0
9558,2,0,0,0,0,0,1,2
9560,1,0,1,0,0,0,3,2
9561,1,0,1,0,0,0,2,4
9564,4,2,0,0,0,0,4,4
9565,0,1,0,0,0,0,1,1
9575,1,0,0,0,0,1,2,2
9578,0,0,2,1,0,0,6,4
9579,1,0,1,1,0,0,4,2
9582,0,1,1,0,0,0,1,2
9594,12,9,9,2,3,3,29,30
9612,0,0,2,0,1,0,5,5
9613,1,1,9,2,2,1,28,15
9625,2,3,4,0,0,7,16,19
9633,1,0,0,0,0,1,5,2
9644,1,1,4,2,1,5,12,10
9645,0,0,0,0,0,0,0,0
9658,1,0,0,0,0,0,2,3
9660,1,0,0,0,0,0,1,2
9661,1,0,0,0,0,0,2,1
9662,0,0,0,0,0,0,0,2
9665,1,3,4,1,0,1,5,4
9666,1,3,3,1,0,1,4,5
9667,1,3,3,1,0,1,5,1
9669,0,0,1,0,0,0,2,3
9670,3,3,4,1,1,1,10,9
9671,2,3,3,1,0,1,5,2
9672,1,0,1,0,0,0,4,6
9683,0,3,2,0,0,0,4,5
9684,2,3,1,0,0,0,3,6
9685,2,0,0,0,0,0,0,2
9691,1,0,1,0,0,0,3,3
9693,1,1,5,4,0,1,9,9
9699,2,3,6,4,0,1,12,10
9700,1,2,1,0,0,0,3,1
9707,0,2,0,0,0,0,0,2
9722,2,0,0,0,0,1,0,3
9725,0,0,0,0,0,0,0,0
9737,0,0,0,0,0,0,0,0
9739,0,0,0,0,0,1,1,1
9752,2,2,3,1,0,0,10,15
9754,0,0,0,0,0,0,1,1
9760,0,1,5,1,0,1,14,8
9789,1,1,0,2,1,1,5,5
9790,0,1,1,0,0,1,3,3
9791,1,0,0,2,1,0,1,1
9795,0,0,0,0,0,0,0,0
9800,0,0,0,0,0,0,0,0
9801,0,0,0,0,0,0,0,0
9809,0,1,0,1,0,0,3,3
9810,0,0,0,1,0,0,2,4
9811,0,1,0,0,0,0,1,1
9813,3,1,0,0,0,0,2,2
9815,0,0,0,0,0,0,0,0
9817,1,0,1,0,0,0,5,4
9820,1,2,3,1,0,0,5,5
9821,1,2,3,1,0,0,5,5
9824,5,8,8,2,1,1,29,16
9826,2,10,5,5,0,1,31,28
9870,6,4,7,4,2,1,19,17
9890,1,0,0,0,0,0,1,1
9892,0,3,1,0,1,1,7,6
9894,6,1,1,0,1,0,7,7
9895,5,1,1,0,0,0,7,5
9896,1,0,1,0,1,1,1,1
9897,1,0,0,0,0,0,1,0
9899,1,0,0,0,0,0,1,0
9901,2,1,1,0,0,0,4,3
9905,1,0,0,0,0,1,6,3
9907,0,0,0,0,0,1,3,1
9911,0,1,2,0,0,0,3,0
9912,0,1,0,0,0,0,0,0
9917,1,2,2,0,0,0,5,5
9920,4,6,5,0,0,2,21,16
9923,6,2,2,2,0,2,13,15
9935,3,1,2,0,0,1,12,6
9936,2,1,1,0,0,1,11,4
9937,1,0,1,0,0,0,3,2
9944,1,0,0,0,0,0,3,2
9954,5,0,2,2,0,1,10,8
9968,3,0,2,0,0,1,9,7
9975,0,0,0,0,0,0,0,0
9995,3,0,1,0,0,1,5,4
9996,2,2,2,0,0,3,9,10
10000,3,1,3,1,0,0,3,2
10002,0,0,0,0,0,0,0,0
10008,0,1,1,1,1,0,4,7
10015,2,2,6,9,1,6,21,24
10017,0,0,0,2,1,0,0,2
10018,0,0,0,0,0,0,0,1
10022,0,0,0,0,0,0,0,0
10025,0,0,2,1,1,2,2,5
10027,0,0,0,0,1,1,2,6
10030,1,0,0,0,0,1,4,1
10064,2,2,0,1,0,0,5,3
10066,6,4,2,0,0,3,15,14
10067,6,4,2,0,2,1,12,13
10069,0,0,0,0,0,0,1,5
10070,6,3,2,0,0,3,15,14
10074,4,1,0,0,0,0,3,6
10099,2,1,0,0,0,1,1,6
10129,1,1,0,1,0,0,3,3
10171,0,0,8,3,1,8,20,20
10179,1,1,3,2,0,1,10,2
10181,1,3,0,1,2,4,16,16
10183,0,2,0,0,1,1,8,4
10188,2,0,0,0,1,0,5,2
10189,0,0,0,0,0,0,0,0
10190,3,0,0,0,1,0,6,3
10192,3,2,4,2,1,1,9,10
10193,5,2,4,2,2,1,10,12
10194,4,2,4,2,2,1,9,11
10196,1,0,0,0,0,0,1,1
10198,1,0,2,1,0,0,5,5
10199,3,2,5,2,0,3,13,10
10201,6,4,7,3,2,4,17,15
10204,0,0,0,0,0,0,2,1
10207,1,0,0,0,0,1,0,1
10208,0,0,0,0,0,1,0,3
10212,0,1,2,1,0,2,11,13
10224,0,1,1,2,1,0,1,3
10253,1,0,2,0,0,0,6,9
10254,1,1,4,0,0,1,4,5
10266,0,0,3,1,1,4,2,6
10287,0,1,1,0,0,0,0,0
10296,0,0,1,0,0,0,1,1
10311,0,2,1,0,1,1,9,5
10322,1,6,2,3,2,3,21,22
10333,1,0,0,0,0,2,5,4
10339,3,0,0,0,0,0,8,5
10340,3,0,0,1,0,0,6,2
10342,0,0,0,0,0,0,1,2
10346,2,0,0,1,0,0,6,6
10347,1,0,0,1,0,0,6,5
10364,1,2,0,0,0,0,5,2
10366,1,3,2,0,3,1,8,3
10368,1,2,3,0,3,0,8,4
10369,0,1,2,0,3,0,4,1
10374,0,0,0,0,0,1,2,1
10378,1,2,0,0,0,1,9,9
10387,1,1,0,1,1,1,3,5
10388,3,4,6,1,3,1,13,11
10412,2,1,0,0,0,0,3,1
10419,0,0,0,0,0,0,0,0
10420,0,0,0,0,0,0,0,0
10429,1,0,0,1,0,2,3,4
10431,1,0,0,0,0,0,4,2
10436,0,0,0,0,0,0,1,1
10437,0,0,0,0,0,0,0,1
10439,1,0,0,0,0,0,2,3
10442,1,0,1,0,0,0,2,0
10443,0,0,1,0,1,0,1,4
10444,0,1,0,1,0,0,3,3
10456,0,0,0,0,0,0,1,0
10458,2,1,1,0,0,2,11,5
10468,3,2,0,0,0,0,5,5
10469,6,5,7,3,2,3,17,14
10471,0,0,0,0,0,1,1,2
10472,3,2,0,0,0,1,4,7
10474,0,0,2,0,0,0,4,6
10476,1,0,0,0,0,0,1,1
10477,2,2,2,0,0,1,9,12
10478,0,0,1,0,0,0,2,3
10479,0,0,0,0,0,0,1,2
10481,0,0,0,0,0,0,1,2
10482,0,0,0,0,0,0,0,0
10485,0,0,1,0,0,0,2,3
10486,0,0,0,0,0,0,0,0
10509,4,2,3,1,2,4,19,17
10514,0,0,0,0,0,0,1,0
10523,0,2,2,1,0,1,5,9
10544,0,0,0,0,0,0,0,0
10546,0,0,0,0,0,0,1,2
10547,0,0,0,0,0,0,1,2
10548,0,0,0,0,0,0,0,0
10571,2,0,3,0,2,1,8,8
10580,4,0,3,0,1,1,12,18
10582,0,1,0,0,0,0,4,5
10584,0,2,2,0,0,0,1,2
10585,3,0,0,0,0,1,1,5
10586,2,0,0,0,0,1,4,10
10588,11,4,8,5,1,2,38,32
10590,0,0,1,1,1,0,5,5
10596,0,2,1,1,0,0,6,8
10604,0,0,1,0,0,0,3,4
10617,2,1,5,0,2,2,14,12
10639,0,0,1,0,0,0,2,1
10642,0,0,0,0,0,0,0,1
10645,5,4,4,0,0,2,17,21
10647,0,0,0,1,0,0,6,5
10648,1,1,0,0,0,0,0,1
10653,0,1,0,0,0,0,2,1
10671,8,9,6,1,1,0,29,15
10678,0,0,1,1,0,0,3,6
10705,4,4,4,0,0,1,18,11
10706,2,0,0,0,0,0,3,2
10707,2,4,4,0,0,1,15,11
10708,0,5,2,0,1,0,11,2
10710,2,5,2,0,1,0,14,4
10711,3,1,5,1,2,1,11,10
10713,2,1,4,0,2,1,8,9
10721,1,0,0,0,0,1,0,1
10722,0,0,0,0,0,0,0,1
10723,1,0,0,0,0,1,0,2
10724,0,0,0,0,0,0,0,0
10725,0,0,0,0,0,0,0,1
10727,0,0,0,0,0,0,0,0
10728,0,0,0,0,0,0,0,0
10729,0,0,0,0,0,0,0,0
10730,0,0,0,1,0,0,2,1
10731,0,1,2,1,0,0,3,4
10732,0,1,2,0,0,1,2,2
10734,0,0,0,0,0,0,0,0
10735,0,0,0,0,0,0,1,0
10736,1,2,0,0,0,1,2,2
10738,0,0,2,1,0,0,2,3
10741,1,2,0,0,0,1,2,2
10752,1,0,0,2,1,0,1,1
10754,0,0,0,0,0,0,0,0
10755,0,0,0,1,0,0,1,0
10756,0,0,0,0,0,0,0,1
10757,1,0,0,1,0,0,2,2
10758,0,1,0,0,0,1,3,1
10759,0,1,1,0,0,1,3,2
10760,0,0,1,0,0,0,0,1
10761,0,0,0,0,0,0,2,0
10764,0,0,2,0,0,0,1,3
10768,0,0,0,0,0,0,0,1
10777,0,0,0,0,0,0,1,1
10783,1,2,1,0,0,1,5,4
10785,0,2,0,0,0,1,2,4
10803,1,1,0,0,0,0,3,3
10812,1,2,2,0,0,1,6,4
10816,0,0,0,0,0,0,2,2
10823,1,1,0,0,0,0,4,4
10834,0,0,0,0,0,1,0,1
10845,0,0,0,0,0,0,3,5
10851,1,0,0,0,0,0,4,3
10852,1,1,0,0,0,0,5,3
10857,2,0,2,0,0,0,5,7
10859,1,1,4,0,0,1,9,10
10863,4,2,4,1,0,1,16,13
10866,0,0,1,0,0,0,1,2
10899,2,1,2,0,0,1,10,4
10933,3,2,0,0,0,0,6,0
10939,0,0,0,0,1,0,5,1
10943,2,0,3,0,1,0,5,4
10962,2,1,1,0,1,1,10,6
10963,0,0,1,0,1,0,2,2
11032,4,1,4,0,0,0,15,7
11046,2,0,3,0,1,1,7,5
11157,1,3,2,1,1,1,9,6
11189,1,0,0,0,0,0,2,1
11192,1,0,0,0,0,1,1,2
11193,0,0,0,0,0,0,0,0
11205,0,0,0,0,0,0,2,3
11231,2,4,2,0,0,0,13,12
11259,1,1,2,1,0,0,6,8
11266,0,0,0,1,0,1,2,3
11270,4,1,2,0,1,1,5,4
11305,4,1,5,2,1,1,18,14
11321,3,1,2,2,0,1,14,8
11336,0,0,0,0,0,0,0,3
11338,0,0,0,0,0,0,0,1
11341,1,0,1,1,0,1,4,9
11344,4,0,1,0,0,0,2,1
11348,1,2,1,0,2,0,2,0
11350,2,3,0,1,2,0,7,6
11352,0,2,1,0,0,3,12,14
11354,0,1,0,1,0,0,4,7
11387,1,1,0,1,0,0,1,4
11388,1,0,2,0,0,1,4,4
11389,3,2,3,2,1,1,11,13
11395,0,0,0,0,1,0,6,3
11397,0,0,1,0,3,2,8,5
11404,0,0,0,0,0,0,2,2
11407,1,1,3,0,0,1,5,3
11426,0,1,0,0,0,0,5,9
11433,0,1,0,0,0,0,2,4
11443,1,0,1,0,0,1,3,4
11454,1,8,1,0,0,0,8,7
11455,1,6,0,0,0,0,5,6
11461,2,4,1,0,0,1,10,7
11463,0,3,0,0,0,0,4,5
11488,0,0,0,0,0,0,0,1
11489,2,0,0,0,0,1,2,3
11498,1,0,0,0,0,0,0,0
11506,1,0,1,0,0,0,8,5
11510,1,0,1,0,1,0,8,5
11514,3,3,3,0,0,1,10,9
11515,1,4,2,0,0,0,12,10
11522,2,0,1,0,1,0,8,5
11541,2,0,2,0,0,0,9,2
11542,0,0,0,0,0,0,2,1
11557,1,0,0,0,0,0,1,1
11558,0,1,0,0,0,0,1,1
11569,1,0,0,0,0,0,1,2
11582,3,2,0,0,0,2,11,7
11598,0,0,1,0,0,2,2,1
11609,1,1,1,0,0,0,2,4
11667,6,4,3,0,0,0,10,10
11680,2,2,0,1,0,0,6,6
11688,0,0,0,0,0,0,0,1
11691,0,0,0,0,0,0,0,1
11712,0,0,0,0,0,0,1,2
11713,4,1,4,1,0,1,16,10
11731,1,3,3,1,1,0,7,11
11736,6,3,3,0,0,1,21,15
11737,5,2,2,0,0,2,21,17
11741,1,1,1,0,0,0,1,7
11743,0,1,5,1,1,1,9,14
11766,4,6,5,1,2,5,27,32
11786,0,0,0,0,0,0,0,0
11794,1,0,3,0,1,0,6,1
11798,2,2,1,0,0,1,5,5
11799,2,2,2,0,0,1,6,6
11838,0,0,0,1,0,0,1,0
11844,0,0,1,0,0,0,0,0
11845,0,0,0,0,0,0,1,0
11847,0,0,1,0,0,0,1,0
11866,2,1,1,0,0,0,3,2
11872,0,0,0,0,0,0,0,0
11873,0,0,0,0,0,0,0,0
11874,1,0,0,0,0,0,1,1
11876,1,2,1,0,0,0,5,6
11877,1,0,1,0,0,0,4,3
11880,0,0,0,0,0,0,0,0
11898,0,0,0,0,0,0,0,0
11914,0,1,0,0,0,0,3,3
11959,2,1,0,0,0,0,2,2
11963,4,2,2,1,1,0,8,5
11984,0,0,0,0,0,0,0,0
12041,3,3,0,1,0,1,3,5
12043,1,1,1,0,2,3,9,6
12047,0,0,1,0,0,0,2,3
12060,0,0,0,0,0,0,1,1
12061,2,1,4,2,0,3,11,8
12062,2,1,5,2,0,3,11,8
12089,2,0,1,0,0,0,1,3
12090,2,1,1,0,0,0,3,7
12094,6,7,7,1,1,6,22,17
12109,0,1,0,0,0,0,1,3
12111,1,0,0,0,0,0,1,0
12116,0,0,0,0,0,0,0,1
12119,0,1,0,0,0,0,1,4
12127,0,0,0,0,1,0,2,0
12128,0,0,0,0,0,0,0,0
12137,0,0,0,0,0,0,1,0
12138,1,0,0,0,0,2,1,0
12147,0,0,1,0,0,0,0,1
12153,0,0,1,0,0,0,2,0
12186,1,2,1,0,0,0,3,3
12187,1,1,1,0,0,0,2,2
12190,1,1,1,0,0,0,2,2
12192,1,1,1,0,0,0,2,2
12193,0,0,0,0,0,0,0,0
12227,0,2,0,0,0,0,3,4
12232,0,2,0,0,0,0,3,4
12238,1,1,0,0,0,0,2,2
12255,1,1,0,0,0,0,4,3
12256,1,2,0,0,0,0,5,7
12274,11,3,9,2,3,5,29,31
12300,0,0,0,0,0,0,0,0
12301,0,0,0,0,0,0,0,0
12307,0,0,0,0,0,0,0,0
12309,0,0,0,0,0,0,0,0
12312,0,0,0,0,0,0,0,0
12314,0,0,0,0,0,0,0,0
12340,0,0,0,0,0,0,1,0
12341,0,0,3,0,0,0,3,3
12342,0,0,2,1,0,3,6,6
12343,0,0,5,1,0,4,10,10
12344,0,0,2,1,0,0,2,2
12349,0,0,0,0,0,0,0,0
12350,0,0,0,0,0,0,1,1
12352,1,0,0,0,0,1,2,2
12353,0,0,0,0,0,1,3,3
12354,0,0,0,0,0,0,0,0
12393,4,0,1,0,1,1,6,5
12417,4,3,3,2,1,2,15,11
12458,2,1,4,2,0,3,12,10
12474,2,0,2,0,0,2,4,5
12512,3,6,2,1,1,1,10,12
12516,0,1,0,0,0,0,1,1
12534,2,5,1,0,1,1,9,10
12545,1,1,2,1,0,0,2,5
12558,0,0,0,0,0,0,1,2
12559,0,0,0,2,0,0,3,2
12562,0,0,0,1,0,0,2,1
12575,1,0,1,0,0,0,2,2
12578,0,0,0,0,0,0,0,0
12579,2,0,1,0,0,0,3,3
12584,2,0,0,0,0,0,1,1
12617,0,0,0,0,0,0,0,1
12622,7,4,9,4,0,3,26,30
12625,0,0,1,0,0,0,3,2
12626,1,0,0,0,1,0,1,1
12628,1,0,1,0,1,0,2,1
12634,0,0,0,0,0,0,3,2
12645,1,3,2,0,0,0,4,3
12646,1,1,2,0,1,0,3,4
12648,1,1,2,0,1,0,1,2
12649,1,1,0,0,0,0,0,0
12650,0,0,2,0,0,0,0,1
12651,0,0,0,0,0,0,0,1
12652,0,0,0,1,0,0,0,1
12653,2,2,0,1,0,1,4,4
12654,2,2,0,0,0,1,4,4
12655,1,0,0,0,0,0,1,1
12656,0,0,0,0,0,0,0,0
12657,0,0,0,0,0,0,0,0
12658,1,2,0,1,0,0,4,5
12659,1,1,0,1,0,0,2,6
12660,0,1,0,0,0,0,2,1
12664,1,0,0,0,0,0,2,1
12665,0,0,0,0,0,0,0,0
12666,0,0,0,0,0,1,1,0
12667,2,0,0,0,0,1,0,1
12668,0,0,0,0,0,0,1,1
12670,0,0,0,0,0,0,1,0
12671,0,0,0,0,0,1,0,0
12672,1,0,0,0,0,0,2,1
12673,0,0,0,0,0,0,2,0
12674,0,0,0,0,0,0,0,1
12675,0,0,0,0,0,0,1,1
12677,1,0,0,0,0,0,1,2
12678,1,0,0,0,0,0,1,1
12680,0,0,0,0,0,0,1,0
12682,0,0,0,0,0,0,0,1
12683,0,0,0,0,0,0,1,1
12685,2,0,1,0,0,2,3,1
12687,1,0,1,0,0,2,2,0
12688,1,0,0,0,0,0,1,1
12689,0,0,0,0,0,0,1,2
12691,1,0,0,0,0,0,1,4
12692,1,0,0,0,0,0,1,3
12695,0,0,0,0,0,0,1,0
12696,0,0,1,0,0,0,2,1
12698,3,3,1,1,0,0,9,8
12699,0,0,2,0,0,1,2,1
12704,2,0,0,0,1,0,1,4
12706,1,0,0,1,0,0,2,2
12708,1,2,2,1,1,0,5,9
12712,0,0,0,0,0,0,0,0
12713,0,0,0,0,0,0,0,0
12714,0,0,0,0,0,0,0,0
12716,2,2,2,1,1,0,5,7
12719,3,0,0,0,0,0,0,3
12721,0,0,0,0,1,1,2,1
12722,0,0,0,0,0,1,0,1
12723,0,1,1,0,1,1,4,11
12724,1,1,3,2,0,1,9,14
12725,0,0,1,0,0,0,0,0
12736,0,0,1,0,0,0,2,0
12747,0,0,0,0,0,1,1,1
12753,0,0,0,0,0,0,1,0
12756,0,0,1,0,0,0,3,0
12761,1,0,1,0,0,1,2,1
12762,0,0,0,0,0,0,0,0
12765,0,0,2,0,0,0,3,0
12772,0,0,0,0,0,0,0,0
12786,0,0,0,0,0,0,0,0
12794,0,0,0,0,0,0,0,0
12795,0,0,0,0,0,0,0,0
12797,0,0,0,0,0,0,0,0
12800,0,0,0,0,0,0,0,0
12821,0,0,0,0,0,0,3,1
12835,2,1,1,1,0,1,10,3
12846,0,0,0,0,0,0,2,2
12849,0,2,0,0,0,0,2,3
12851,0,1,2,0,0,0,3,4
12852,0,1,1,0,0,0,0,0
12854,0,1,0,0,0,0,3,3
12855,0,1,0,0,0,0,1,1
12891,4,0,1,0,0,1,4,3
12923,0,0,0,0,0,0,3,2
12941,0,0,0,0,0,0,4,5
12973,4,1,3,2,2,3,11,10
12985,1,1,2,2,0,1,5,10
13082,1,0,0,0,0,0,1,4
13091,0,1,0,0,2,1,3,3
13095,0,0,1,1,0,2,2,3
13100,0,1,0,0,0,2,1,1
13101,0,1,0,1,0,0,2,3
13136,0,0,0,0,0,0,2,0
13139,0,0,1,0,0,0,1,1
13144,0,0,0,0,0,0,0,0
13152,0,1,0,0,0,0,0,0
13153,0,1,0,0,0,0,0,0
13159,0,2,0,1,0,1,2,5
13179,0,0,0,0,0,0,0,0
13180,0,0,0,0,0,0,0,1
13181,0,0,0,0,0,0,0,0
13182,0,0,0,0,0,0,0,1
13184,0,0,0,0,0,0,0,0
13191,0,0,0,0,0,0,0,0
13202,1,0,2,1,0,0,2,2
13205,0,0,0,0,0,0,0,0
13207,2,0,2,1,0,0,3,3
13211,0,0,1,0,0,0,0,0
13217,1,2,4,0,1,0,10,5
13225,4,6,3,0,0,0,16,20
13275,2,0,0,0,0,0,1,1
13324,1,0,1,0,0,0,3,0
13325,0,0,0,0,0,0,0,1
13335,1,0,3,0,0,0,3,2
13356,0,1,3,1,0,1,9,3
13367,1,2,3,3,1,1,6,17
13373,1,2,2,3,1,1,8,18
13374,0,0,0,1,0,0,2,3
13376,0,0,0,1,0,0,2,3
13377,0,0,0,0,0,0,2,0
13401,1,1,1,1,0,1,6,4
13408,0,0,0,0,0,0,0,0
13419,0,0,2,1,0,2,11,12
13438,5,4,6,9,2,3,27,25
13439,2,2,2,8,2,2,18,20
13440,3,5,6,3,2,5,19,20
13441,2,3,4,2,0,4,8,17
13474,0,2,2,0,0,1,6,8
13479,2,2,0,3,0,0,8,10
13481,1,1,0,2,0,0,7,7
13494,5,8,2,4,1,2,16,21
13499,6,1,3,2,0,5,11,20
13515,5,1,5,2,0,4,9,17
13517,2,1,2,0,0,0,4,5
13530,8,10,5,7,3,3,27,23
13538,9,9,8,9,4,10,51,42
13552,0,0,0,1,0,0,0,0
13557,4,1,2,1,0,0,6,6
13561,0,0,1,0,0,1,3,4
13576,0,0,0,0,0,1,3,5
13593,0,0,1,0,0,1,3,4
13601,0,1,0,0,0,0,4,2
13603,3,2,2,0,0,0,8,7
13607,2,0,1,1,1,1,9,7
13608,4,1,5,3,1,1,18,14
13627,4,0,4,2,1,1,13,13
13650,5,0,3,1,1,1,13,10
13664,1,0,0,0,0,0,0,0
13682,1,1,0,0,0,0,1,1
13708,0,0,0,0,0,0,1,1
13710,0,0,0,1,0,0,1,0
13740,0,1,0,1,0,0,0,2
13749,0,0,0,0,0,0,0,1
13771,0,3,4,0,0,0,8,7
13794,3,0,1,1,0,1,7,3
13803,9,5,5,3,1,2,25,28
13806,3,4,6,1,0,5,14,17
13808,11,4,9,3,3,5,29,32
13809,11,6,4,4,2,2,27,31
13872,0,0,0,0,0,0,0,1
13890,1,0,0,1,0,0,2,1
13897,5,3,2,2,0,3,13,15
13938,1,3,0,3,0,1,12,8
13966,13,7,3,4,2,3,22,31
13986,1,0,2,0,0,0,6,2
13987,1,0,1,0,1,0,9,2
14014,4,2,0,3,0,1,12,16
14049,4,2,1,3,0,1,11,12
14055,3,2,3,0,2,3,7,7
14065,7,1,0,0,0,0,8,9
14079,0,0,0,0,0,0,0,0
14118,2,1,0,1,0,0,4,3
14119,0,0,0,0,0,0,0,0
14122,2,0,0,1,0,0,2,4
14123,3,0,0,1,0,0,1,4
14124,1,0,0,0,0,0,1,0
14126,0,0,1,0,0,0,0,0
14129,2,0,0,0,0,0,1,0
14130,0,1,0,1,0,0,3,3
14133,1,0,0,0,0,0,1,0
14136,1,0,1,0,0,0,3,2
14139,0,0,0,0,0,0,4,4
14146,0,1,0,0,0,0,1,1
14152,0,1,0,0,0,1,2,3
14155,2,2,2,0,0,2,10,6
14156,2,1,2,0,0,3,11,6
14157,0,1,0,0,0,1,1,2
14160,0,0,0,0,0,0,0,0
14166,0,0,0,0,0,0,1,1
14171,2,3,1,0,0,2,12,7
14172,0,1,1,0,0,1,2,0
14174,1,1,3,0,0,0,5,3
14175,0,2,1,0,0,0,1,2
14201,1,1,3,1,0,1,8,9
14257,0,0,1,0,0,0,0,0
14282,1,0,0,0,0,0,0,0
14283,2,0,0,0,0,0,1,0
14284,1,0,0,0,0,0,1,0
14288,4,0,0,0,0,0,3,2
14289,0,0,0,0,0,0,0,0
14294,0,0,0,0,0,0,0,1
14299,1,1,0,1,0,0,3,3
14300,1,0,0,1,0,0,1,2
14303,0,0,0,0,0,0,0,1
14304,4,0,0,0,0,0,3,1
14314,0,0,0,0,0,0,0,0
14315,1,0,0,1,0,0,1,3
14318,1,1,1,1,0,1,5,5
14325,4,0,1,1,0,0,6,6
14328,5,1,2,2,0,1,11,11
14333,7,4,5,1,1,2,9,15
14386,1,0,0,1,0,0,3,3
14395,4,0,2,1,0,1,7,7
14399,2,0,1,0,0,0,3,1
14404,1,0,0,0,0,0,0,1
14417,0,1,0,0,0,0,2,0
14418,0,2,0,0,0,0,4,1
14426,0,0,0,0,0,0,0,0
14427,0,1,0,0,0,0,0,3
14428,0,1,0,0,0,0,0,3
14442,1,0,0,0,0,0,4,5
14471,2,5,4,2,3,0,20,21
14472,9,3,9,2,3,3,28,27
14477,0,0,0,0,0,0,0,2
14495,6,1,3,1,0,1,10,11
14498,7,2,3,1,1,3,16,16
14503,3,2,3,1,0,2,13,10
14511,3,1,4,0,1,1,12,7
14522,0,0,0,0,1,0,2,3
14532,0,0,0,0,0,0,0,0
14547,0,0,0,0,0,0,0,0
14553,1,0,1,0,0,1,1,2
14555,1,1,0,0,0,0,0,2
14601,0,0,0,0,0,0,0,1
14602,1,0,0,1,0,0,2,2
14614,0,0,0,1,0,0,2,3
14662,0,0,0,0,0,0,0,0
14667,0,0,2,0,0,0,1,3
14740,1,0,0,0,0,0,1,1
14746,0,0,0,1,1,0,2,3
14754,1,0,0,0,0,1,1,2
14755,1,0,2,0,0,1,2,6
14756,0,0,2,0,0,0,1,4
14765,0,0,0,0,0,0,1,0
14767,1,0,1,0,0,0,1,3
14778,3,0,2,0,0,1,7,4
14781,1,0,1,0,0,0,1,2
14787,0,0,1,0,0,0,1,2
14803,6,4,4,1,1,6,24,20
14813,12,10,19,8,2,10,60,45
14816,10,11,19,7,2,9,51,44
14823,2,1,3,1,0,3,9,14
14824,3,1,3,1,0,2,10,15
14830,2,0,3,1,0,3,10,15
14866,2,1,1,0,0,0,5,4
14868,2,2,0,0,0,0,5,4
14870,0,2,0,0,0,0,2,0
14871,0,0,0,0,0,0,0,0
14872,0,2,0,0,0,0,2,0
14874,2,0,0,0,0,0,3,4
14910,0,0,0,0,0,0,0,0
14932,1,0,0,0,0,0,1,2
14936,1,0,0,0,0,0,2,2
14940,0,0,0,0,0,0,0,0
14941,0,0,0,0,0,0,0,0
14943,0,1,0,0,0,0,1,2
14946,0,0,0,0,0,0,0,0
14948,0,0,0,0,0,0,0,0
14960,0,0,0,0,0,0,0,0
14962,0,0,0,0,0,0,1,0
14963,0,0,0,0,0,0,0,1
14968,0,2,0,0,0,0,1,2
14974,0,0,0,0,0,0,1,0
14980,0,0,0,0,1,0,0,1
14995,0,2,0,0,0,0,2,2
14998,0,2,0,0,1,0,2,3
15004,0,1,0,0,0,0,1,1
15038,0,3,1,0,2,1,8,6
15039,0,0,0,0,1,0,1,0
15042,6,1,1,0,0,0,6,7
15045,0,4,1,2,0,0,5,5
15190,1,3,5,1,0,0,14,9
15192,3,3,9,3,0,0,20,13
15222,1,3,1,2,1,0,6,10
15251,2,2,4,1,1,1,11,10
15301,0,0,0,0,0,0,1,0
15400,3,0,2,0,0,1,9,7
15403,0,0,0,0,0,0,0,1
15404,3,1,1,0,0,1,6,4
15407,2,2,2,0,0,3,9,11
15411,0,2,0,1,0,0,0,2
15412,0,1,0,1,0,0,0,2
15414,0,1,0,0,0,0,1,0
15416,0,1,0,1,0,0,0,1
15418,0,0,0,0,0,1,1,3
15422,1,1,0,0,0,1,3,4
15425,1,1,4,0,0,1,4,6
15430,0,1,3,0,0,1,2,4
15448,0,0,1,0,0,0,2,1
15468,0,0,0,0,0,0,0,0
15502,1,0,0,0,1,1,3,4
15506,0,0,0,0,0,0,3,2
15516,0,0,1,0,0,0,1,1
15517,0,0,0,0,0,0,0,0
15518,0,0,0,0,0,0,0,0
15520,0,0,1,1,1,0,2,3
15521,0,0,0,0,0,0,1,0
15526,1,0,1,1,0,0,3,3
15532,4,1,0,0,1,0,3,5
15541,0,1,2,1,0,0,2,3
15549,1,1,1,0,1,1,6,3
15555,0,0,0,1,0,0,1,2
15556,0,0,0,1,0,0,2,2
15562,0,1,0,0,0,0,2,1
15563,0,0,0,0,0,0,1,0
15564,2,2,0,1,0,0,5,6
15634,1,1,0,0,0,0,1,1
15635,0,0,0,0,0,0,1,1
15637,0,0,1,0,0,0,1,2
15638,0,0,0,0,0,0,0,0
15639,0,0,1,0,0,0,1,2
15640,0,0,0,0,0,0,0,0
15641,0,0,0,0,0,0,0,0
15642,0,0,0,0,0,0,0,0
15657,0,0,1,0,0,0,1,2
15658,0,0,0,0,0,0,0,0
15660,0,0,0,0,0,0,0,0
15694,0,0,1,0,0,2,2,1
15695,0,0,0,0,0,1,0,1
15739,3,0,0,0,0,0,1,2
15745,0,0,0,0,0,0,0,0
15747,3,0,0,0,0,0,1,2
15795,1,0,1,0,0,0,1,1
15797,0,3,4,1,0,0,13,8
15798,0,2,1,0,0,0,7,6
15800,0,3,3,1,0,0,6,4
15802,0,1,0,0,0,0,3,4
15824,5,5,6,0,1,4,12,8
15861,1,0,0,0,2,0,1,2
15884,2,1,2,1,1,2,5,7
15916,0,0,0,0,0,1,5,3
15925,0,0,1,0,0,0,1,0
15946,0,0,0,0,0,0,0,0
15953,0,0,0,0,0,1,2,1
15966,0,0,2,1,0,4,4,6
15969,7,7,5,7,2,2,20,14
16030,10,2,1,1,1,0,17,15
16056,0,0,0,1,0,1,1,1
16057,0,0,0,0,0,0,1,0
16060,5,2,2,1,0,3,16,16
16061,0,0,0,0,0,0,1,0
16065,1,1,0,1,0,0,2,1
16108,3,1,2,1,1,1,8,9
16113,1,0,0,1,0,0,0,1
16122,1,2,2,0,0,0,5,6
16147,0,0,0,0,0,0,0,0
16192,0,3,1,0,0,0,3,1
16231,2,2,6,3,2,5,22,16
16233,0,0,1,0,0,0,3,4
16235,0,0,1,0,0,0,2,3
16264,1,0,2,0,0,1,2,2
16270,0,1,1,1,0,2,7,3
16281,0,0,1,0,0,1,6,5
16283,1,0,2,2,0,1,1,4
16316,0,0,0,0,0,0,1,1
16333,1,0,0,0,0,2,1,2
16430,3,0,4,1,3,3,7,9
16438,1,1,2,2,2,4,12,5
16439,0,0,0,0,0,0,1,1
16455,0,1,0,0,1,0,1,1
16461,4,1,6,1,4,5,17,13
16484,0,0,0,0,0,0,0,0
16486,3,0,1,1,1,1,7,5
16488,0,1,0,0,0,0,0,0
16524,3,0,0,0,0,0,0,1
16535,3,1,2,1,0,5,12,14
16629,0,0,0,0,0,0,0,0
16662,0,0,0,0,0,0,0,0
16669,0,0,0,0,0,0,0,0
16727,0,0,0,0,0,0,0,0
16730,1,0,2,1,0,0,2,2
16736,2,6,4,1,0,1,19,13
16742,2,0,2,1,0,0,2,3
16743,2,1,2,1,0,0,3,2
16751,0,0,0,0,0,0,1,0
16753,2,1,2,1,0,0,4,2
16764,3,7,3,2,1,2,19,21
16777,3,0,0,0,1,3,6,7
16786,3,0,0,0,1,3,6,7
16806,1,0,1,0,0,0,1,1
16842,0,5,1,1,1,1,11,7
16880,1,1,0,0,0,2,4,4
16920,6,5,4,1,2,6,11,16
16944,3,2,0,4,0,0,10,14
16964,3,0,2,0,0,0,4,4
16966,3,0,1,0,0,0,3,3
16996,2,2,2,1,1,0,18,19
17016,2,3,3,1,2,2,10,11
17068,5,7,7,3,3,4,23,18
17072,5,4,9,3,2,3,27,23
17092,0,0,1,0,0,2,0,1
17093,0,0,1,1,0,0,5,5
17100,0,0,0,0,0,0,2,0
17103,0,1,4,0,0,0,6,2
17137,13,6,9,7,4,6,40,55
17193,4,6,2,0,0,0,14,15
17200,1,5,2,0,0,0,10,9
17212,0,0,0,0,0,0,0,1
17238,3,2,2,2,0,2,16,16
17244,1,0,0,0,0,0,3,1
17254,2,1,1,1,0,0,12,8
17260,1,2,3,0,1,1,15,15
17356,1,1,0,1,1,0,4,3
17364,1,1,1,1,1,0,5,4
17365,1,1,1,1,1,0,5,3
17366,0,0,0,0,0,0,0,1
17368,0,1,1,1,0,0,2,1
17369,0,1,1,0,0,0,2,1
17378,0,1,0,1,0,0,3,1
17389,0,0,0,0,1,0,0,0
17398,2,5,2,4,2,2,21,13
17402,0,0,1,1,1,1,3,3
17420,1,6,3,1,1,1,12,14
17427,0,1,0,0,0,0,0,0
17491,1,0,1,0,0,1,4,3
17632,7,5,8,2,1,2,31,27
17678,9,10,7,2,0,3,42,35
17687,4,5,7,1,0,1,30,26
17694,1,0,2,1,0,1,4,3
17748,8,7,5,2,1,1,22,23
17769,1,1,0,0,0,0,0,3
17785,7,17,10,5,3,3,57,37
17793,5,5,3,5,1,2,14,15
17794,9,6,10,6,2,5,25,24
17797,8,5,5,4,2,7,32,25
17846,2,0,1,3,2,0,8,7
17847,0,0,0,1,0,0,2,1
17848,1,0,0,0,0,0,0,1
17849,2,0,1,0,0,1,2,4
17860,0,0,2,0,1,1,4,4
17862,0,0,0,0,0,0,0,0
17881,0,0,0,0,0,0,1,0
17882,0,0,0,0,0,0,0,0
17885,0,0,2,0,1,1,3,4
17952,0,0,0,0,0,0,1,0
17953,0,0,0,0,0,0,1,0
17954,0,0,0,0,0,0,0,0
17956,1,1,0,0,0,0,3,4
17957,1,1,0,0,0,0,4,4
17984,0,2,0,0,0,0,1,0
18096,5,4,1,1,1,2,9,14
18097,0,1,2,0,0,1,8,9
18157,0,0,0,0,0,0,0,0
18158,0,0,0,0,0,0,0,0
18159,0,0,0,0,0,0,0,0
18163,1,0,0,0,0,0,1,0
18165,0,1,0,0,0,0,1,2
18166,0,0,0,0,0,0,0,0
18167,0,0,0,0,0,0,0,0
18168,0,0,0,0,0,0,0,0
18172,0,0,0,0,0,0,0,1
18174,0,1,0,0,0,0,1,2
18241,0,0,0,0,0,1,2,1
18243,0,1,0,0,0,0,1,0
18248,1,0,0,0,0,0,0,1
18249,2,1,0,1,0,0,1,3
18296,4,6,9,3,2,2,19,19
18326,0,1,0,0,0,0,3,5
18366,1,0,0,0,0,0,2,1
18367,0,0,0,0,0,0,0,0
18565,0,0,0,0,0,0,0,0
18567,0,0,0,0,0,0,0,0
18593,14,7,6,9,4,8,43,44
18600,2,2,0,1,0,3,10,14
18601,14,6,8,9,3,11,43,42
18607,5,2,4,3,0,5,20,16
18625,12,8,6,7,3,6,38,33
18743,1,0,2,1,1,1,7,3
18745,0,0,0,0,0,0,0,1
18746,0,0,0,0,0,0,0,0
18747,0,0,0,0,0,0,0,1
18748,0,1,1,0,0,0,4,5
18750,0,1,1,0,0,0,4,5
18753,0,1,1,0,0,0,4,4
18766,0,0,1,2,0,0,1,4
18957,4,10,7,5,3,5,44,28
19104,6,7,7,4,2,3,30,29
19108,8,3,7,1,0,2,32,21
19131,3,0,1,0,0,1,8,8
19201,1,0,0,0,0,0,0,0
19203,0,0,1,0,0,0,2,2
19243,1,0,0,0,0,0,0,1
19300,1,2,3,1,0,2,7,10
19372,0,1,3,2,1,0,7,4
19379,2,0,4,1,1,2,13,6
19390,0,0,0,0,0,1,2,0
19402,0,0,0,0,0,0,0,0
19442,2,1,3,1,1,5,7,9
19444,0,1,0,0,0,0,1,1
19547,0,1,1,2,1,2,7,12
19588,2,1,2,0,1,0,6,7
19651,2,2,3,0,1,0,4,5
19669,1,1,0,1,1,0,4,1
19691,0,1,0,0,0,0,0,0
19782,3,3,5,0,0,2,8,13
19783,5,9,5,1,0,1,20,20
19830,1,0,0,0,0,0,0,0
19960,4,1,5,2,1,2,13,8
19990,0,1,0,0,0,0,2,4
19993,1,0,0,0,0,0,2,2
20090,0,0,0,0,0,0,1,0
20100,0,0,0,0,0,0,0,0
20129,0,1,0,0,0,0,2,3
20130,0,2,3,1,3,2,6,11
20138,0,0,0,0,0,0,0,0
20140,2,2,2,0,0,3,9,11
20176,0,0,0,0,0,0,0,1
20178,0,0,0,0,0,0,1,0
20181,0,0,0,0,0,0,0,0
20259,0,0,0,0,0,0,0,0
20396,3,1,1,0,0,1,5,3
20401,2,1,1,0,0,0,2,3
20447,9,10,6,0,0,0,24,26
20563,1,2,0,0,0,0,3,0
20564,5,2,2,2,1,0,13,7
20595,0,1,1,1,0,0,4,4
20648,0,0,0,0,0,0,0,1
20649,0,0,0,0,0,1,0,2
20650,0,0,0,0,0,1,0,1
20803,0,0,0,0,0,0,0,0
20849,0,0,0,0,0,0,0,1
20856,7,11,13,6,3,4,38,34
20863,2,2,3,1,1,3,13,10
20864,2,0,1,0,0,0,2,0
20866,0,0,0,0,0,0,0,0
20868,0,0,0,0,0,0,0,0
20869,0,0,0,0,0,0,0,0
20870,0,0,0,0,0,0,1,0
20871,0,0,1,0,0,1,1,2
20879,0,0,0,0,0,0,0,0
20882,0,0,0,0,0,0,1,0
20895,0,0,0,0,0,0,0,0
20992,11,3,9,3,3,5,29,31
20993,11,3,9,2,3,4,31,30
20997,11,3,9,2,3,4,31,30
21134,0,0,0,0,0,0,1,1
21153,6,11,12,2,1,1,44,33
21219,0,1,0,0,0,0,0,0
21236,0,1,0,0,0,0,1,3
21265,1,1,0,0,0,0,3,4
21631,2,2,0,1,0,0,5,4
21632,1,0,0,0,0,0,2,0
21725,2,0,2,0,2,0,9,4
21748,2,1,2,0,0,2,7,6
21761,2,1,2,0,0,0,7,6
21815,2,1,0,1,1,0,6,3
21841,3,2,2,1,2,1,20,21
21932,2,0,0,0,1,0,1,1
21933,1,0,0,0,0,0,1,1
21942,0,0,0,1,1,0,3,3
21965,0,0,1,1,0,1,3,3
21968,0,0,7,2,0,6,15,15
21970,0,0,2,1,0,0,3,3
21975,0,0,0,0,0,0,0,0
21987,0,0,1,1,0,0,3,3
21988,0,0,0,0,0,0,0,0
21997,0,0,0,0,0,0,0,0
22106,4,1,2,1,1,1,9,8
22107,6,1,3,1,2,1,12,10
22129,3,1,2,0,1,0,11,8
22130,1,0,0,0,0,0,7,1
22131,5,1,2,1,0,3,14,13
22133,1,0,0,0,0,0,0,1
22143,3,6,4,2,1,3,20,29
22148,0,0,0,0,0,1,0,1
22150,0,0,0,0,0,0,1,0
22153,0,0,0,0,0,0,0,0
22162,0,1,1,0,1,1,4,3
22169,2,2,2,0,1,0,6,8
22176,4,2,2,2,0,2,13,20
22226,0,0,0,0,0,0,2,5
22297,0,0,0,0,0,1,1,1
22448,1,1,0,0,0,0,3,3
22586,2,1,0,0,0,1,2,4
22589,2,1,0,0,0,1,3,3
22591,0,1,0,0,0,0,0,0
22614,4,1,0,1,1,0,10,4
22678,4,0,1,1,1,1,6,14
22748,0,1,1,0,0,1,3,3
22770,0,0,0,0,0,1,1,1
22772,0,0,0,0,0,1,1,0
22776,0,1,0,0,0,0,1,0
22777,0,0,0,0,0,0,0,0
22778,0,1,0,0,0,0,1,0
22792,0,1,0,0,0,0,1,0
22812,1,0,5,1,1,0,6,6
22825,0,0,0,0,0,0,0,0
22826,0,0,0,0,0,0,0,1
22880,0,0,0,0,0,1,0,0
22881,0,0,0,0,0,1,0,0
22883,0,0,0,0,0,0,0,0
22895,0,0,1,0,0,0,0,0
22929,7,5,8,1,2,3,28,29
22954,0,0,0,0,1,0,3,1
23159,5,3,4,2,1,1,11,15
23240,0,1,1,0,0,0,9,7
23258,3,1,3,0,0,0,13,8
23275,0,0,1,1,0,0,1,2
23279,2,0,2,1,1,0,8,6
23287,4,1,6,0,0,1,16,10
23291,4,0,5,0,0,1,9,7
23299,3,1,5,1,1,2,11,10
23332,0,0,0,0,1,1,4,4
23336,0,0,1,0,0,0,4,2
23342,1,0,2,1,1,0,5,4
23353,2,1,4,0,2,0,10,6
23355,0,0,1,0,0,0,0,1
23360,11,7,16,1,2,7,36,35
23374,0,0,2,0,1,1,5,7
23378,0,0,3,0,1,2,6,8
23383,0,0,3,0,1,2,6,11
23386,0,0,2,0,1,2,6,11
23407,4,3,3,1,0,1,20,12
23506,1,0,0,0,0,0,1,1
23528,3,5,0,3,0,0,12,7
23532,0,0,1,0,0,0,0,0
23539,0,0,0,0,0,0,0,0
23540,0,0,1,0,0,0,0,0
23543,2,0,0,0,0,1,2,3
23586,3,1,2,1,0,0,12,9
23603,3,1,2,0,0,0,8,4
23692,2,1,0,0,0,0,2,5
23693,1,1,0,0,0,0,3,3
23713,0,0,0,0,0,0,0,0
23715,0,0,0,0,0,0,1,2
23723,0,2,1,1,2,0,2,6
23724,0,1,1,1,1,0,3,5
23725,0,0,0,0,0,0,3,1
23744,2,3,3,0,0,2,5,6
23750,0,0,4,1,1,0,15,7
23803,2,0,2,0,1,1,6,11
23823,0,0,0,0,0,0,0,0
23825,0,3,1,0,2,1,8,6
23827,6,1,1,0,0,0,6,7
23850,0,0,0,0,0,0,0,0
23863,0,0,0,0,0,0,0,0
23896,0,0,0,0,0,0,0,0
23924,0,0,0,0,1,0,3,1
24033,0,0,0,0,0,0,1,2
24037,1,0,0,0,0,0,1,2
24074,0,0,0,0,0,0,1,3
24090,1,0,0,0,0,0,0,0
24098,1,3,0,1,0,0,6,3
24101,1,4,0,1,0,0,6,6
24105,3,1,0,1,0,0,10,12
24209,16,4,2,2,1,3,32,27
24213,14,4,4,4,1,5,41,41
24218,9,2,0,3,1,2,27,29
24222,5,5,4,4,2,6,38,36
24234,3,1,2,0,1,0,10,7
24249,1,0,0,0,0,0,0,1
24258,1,1,0,1,0,0,1,2
24262,1,1,0,1,0,0,1,2
24264,1,3,0,1,0,0,6,3
24266,0,1,0,1,0,0,1,1
24298,1,1,1,1,0,1,12,10
24317,4,8,5,0,0,0,14,21
24328,8,5,5,2,2,1,14,12
24341,1,0,1,0,2,0,8,6
24370,2,0,1,0,1,0,5,6
24432,10,1,5,2,3,1,10,12
24440,0,0,0,1,1,1,2,4
24441,5,0,3,2,2,0,6,11
24482,4,2,4,3,3,2,17,14
24484,3,1,3,3,3,1,14,12
24513,1,2,1,0,0,1,2,6
24565,3,2,3,1,1,1,6,4
24617,5,1,5,0,2,1,11,5
24655,0,0,1,0,0,0,1,1
24706,4,1,2,0,0,0,8,5
24746,0,1,0,0,0,0,1,1
24751,0,1,0,0,0,0,1,1
24765,1,1,2,1,0,0,3,2
24897,3,9,3,3,0,4,25,17
24925,4,6,6,3,1,2,15,17
24937,0,0,1,0,0,1,3,3
24938,4,4,7,1,0,1,21,13
24939,4,4,7,1,0,1,20,12
24973,4,0,2,0,1,1,6,7
24985,5,1,4,0,2,2,10,7
25027,3,6,4,2,1,3,20,27
25104,0,1,0,0,1,1,1,1
25126,1,2,2,2,2,1,8,9
25227,1,0,0,0,0,0,1,1
25228,0,0,0,0,0,0,1,0
25232,0,0,0,0,0,0,0,0
25270,2,0,1,1,0,0,6,2
25272,1,0,1,1,0,0,1,0
25311,0,0,0,0,0,0,1,1
25318,0,0,0,0,0,0,0,0
25320,0,2,0,0,0,0,1,0
25323,0,2,0,0,0,0,2,2
25327,0,3,1,0,0,0,4,4
25409,1,1,0,0,1,0,2,2
25473,2,1,2,1,0,2,8,10
25530,4,4,7,0,1,5,21,18
25558,2,1,4,1,0,1,10,14
25573,1,2,3,1,1,3,8,14
25590,5,7,7,0,0,6,16,15
25629,9,9,4,4,4,4,40,35
25632,4,3,2,2,1,1,12,8
25637,3,1,2,1,0,0,14,11
25656,4,1,2,0,0,1,14,11
25681,5,3,6,0,0,2,20,22
25777,1,0,1,0,0,0,4,4
25780,2,0,1,1,0,0,5,4
25789,6,2,4,2,0,1,10,16
25857,3,1,7,0,0,0,12,11
25895,0,2,0,0,0,1,3,2
26005,6,7,8,1,1,6,18,17
26390,3,3,2,1,0,4,13,9
26394,2,3,2,0,0,7,17,18
26449,1,1,2,1,0,0,6,13
26484,4,4,6,0,1,7,26,24
26564,4,1,0,2,2,1,7,9
26590,4,1,0,1,1,1,8,9
26598,3,1,1,0,0,1,7,3
26616,2,3,2,2,1,0,10,11
26645,5,7,4,2,1,2,20,18
26680,5,3,5,0,2,5,23,26
26781,4,3,2,0,1,5,18,16
26819,0,2,1,1,1,0,4,4
26880,1,0,1,0,0,0,6,4
26883,0,0,2,0,0,0,5,2
26893,1,0,0,0,0,1,1,1
26933,1,1,0,0,0,0,4,3
27072,1,1,0,0,0,3,2,1
27101,0,0,0,0,0,0,0,0
27117,0,0,0,0,0,0,2,1
27118,0,0,0,0,0,0,2,1
27121,0,0,0,0,0,0,1,1
27123,0,0,0,0,0,0,1,0
27125,3,4,3,1,1,1,9,9
27126,0,0,0,0,0,0,0,0
27127,3,4,3,1,1,1,8,8
27133,0,0,1,0,0,0,2,0
27135,1,0,0,0,0,0,5,3
27136,2,3,0,0,0,0,8,6
27137,1,3,0,0,0,0,3,3
27139,0,0,0,0,0,0,1,0
27146,0,0,0,0,0,0,1,0
27148,2,1,2,1,1,1,10,6
27160,2,0,0,1,1,0,4,5
27161,1,0,0,0,0,0,3,2
27163,1,0,1,1,2,0,3,3
27165,3,3,0,0,0,0,7,8
27261,6,9,6,4,3,4,40,25
27282,8,3,2,4,2,0,13,12
27303,2,0,0,0,0,0,0,3
27304,1,3,0,0,1,0,6,4
27305,0,3,1,0,1,0,6,3
27384,3,2,3,0,0,0,6,7
27622,0,2,1,0,0,1,5,5
27665,0,0,0,0,0,0,0,0
27679,0,0,0,0,0,0,0,0
27974,2,2,3,0,1,1,16,16
27985,1,0,1,0,0,0,0,2
27986,1,0,0,0,0,0,1,2
27987,0,0,0,0,0,0,2,3
27988,1,1,1,0,0,0,3,3
27989,1,0,1,0,0,0,0,1
27992,1,1,1,0,0,0,3,3
27993,0,0,0,0,0,0,0,0
27995,1,0,0,0,0,0,1,2
27997,1,1,0,0,0,3,6,14
28000,4,1,0,0,0,3,9,14
28005,1,0,0,0,0,0,1,0
28041,1,1,3,0,0,0,6,4
28065,0,0,3,1,0,1,4,5
28103,2,1,1,0,0,0,3,1
28165,4,6,1,2,1,1,7,8
28167,1,0,0,0,0,0,1,2
28179,2,1,1,0,0,0,2,3
28197,1,0,1,0,0,0,1,2
28247,0,1,0,0,0,0,2,1
28389,1,1,0,0,0,0,1,1
28434,0,0,0,0,0,0,0,0
28444,1,1,0,0,0,0,2,2
28559,4,1,0,0,0,0,2,4
28580,1,0,1,0,0,1,1,1
29005,3,1,4,0,0,1,7,6
29043,4,4,3,2,1,3,15,12
29129,1,2,1,1,1,0,4,8
29170,6,4,6,0,1,1,19,19
29205,3,4,5,0,1,3,18,16
29220,0,1,0,0,0,0,0,2
29232,0,0,1,0,0,0,1,1
29394,2,0,0,0,0,0,2,1
29564,1,1,0,0,0,0,4,3
29575,2,1,1,1,0,0,4,3
29599,0,0,3,1,0,1,13,2
29604,0,0,0,0,0,0,3,1
29617,2,1,2,0,0,0,5,7
29622,6,2,6,2,3,1,14,15
29671,1,3,0,0,0,0,7,13
29695,0,0,0,0,0,0,2,1
29702,0,0,0,0,0,0,1,0
29716,4,2,2,0,0,0,12,5
29804,1,0,0,1,0,0,5,5
29809,1,0,0,0,0,0,0,2
29836,9,5,6,2,0,1,22,17
29842,14,4,7,2,2,2,31,28
29849,2,0,1,2,1,0,9,6
29852,6,6,8,1,1,2,26,35
29853,6,6,6,1,1,4,24,40
29854,4,4,4,1,1,3,15,28
29861,4,4,6,1,0,1,12,11
29862,4,4,6,1,0,1,13,11
29872,0,0,0,0,0,0,1,2
29876,3,6,2,3,2,1,18,12
29882,8,4,5,1,0,2,25,28
29884,6,3,5,0,2,1,16,18
29885,0,0,0,0,0,1,4,6
29889,5,6,3,3,1,2,19,25
29890,8,4,4,2,1,1,15,15
29893,1,2,4,1,0,2,8,10
29894,1,2,2,0,0,0,5,7
29906,3,0,3,1,0,1,8,18
29912,4,0,3,2,2,1,15,16
29920,3,2,2,1,1,3,19,11
29922,6,14,9,5,3,3,53,34
29924,5,15,10,5,3,3,58,35
29927,8,6,4,1,2,3,26,27
29929,4,3,1,1,0,2,15,16
29930,4,4,1,2,2,2,14,15
29932,3,4,2,0,1,2,15,15
29933,3,3,2,0,0,2,16,16
29943,5,5,2,0,1,5,19,17
29947,2,3,2,0,0,4,12,9
29949,2,0,1,0,0,1,3,4
29957,1,0,0,0,0,0,2,1
29959,1,1,0,0,0,0,3,2
29961,2,0,1,0,0,1,4,4
29962,2,0,2,0,1,1,6,7
29964,1,0,0,0,0,1,2,2
29968,3,2,1,4,0,0,12,17
29972,11,8,8,1,2,3,20,22
29973,5,3,3,0,0,7,18,19
29976,2,4,3,0,0,4,13,10
29980,5,4,1,2,1,2,8,8
29983,2,0,0,0,0,1,8,5
29986,1,2,1,0,0,0,4,4
29987,1,0,0,0,0,0,1,1
29988,1,0,0,0,0,0,1,1
30000,2,1,4,0,2,1,8,9
30001,2,1,4,0,2,1,8,9
30002,3,1,4,0,0,0,6,10
30006,6,2,2,3,0,3,13,17
30007,2,0,1,0,0,0,4,3
30012,0,5,2,1,2,1,7,8
30013,0,3,2,0,1,1,4,6
30014,12,7,2,4,2,3,22,28
30025,13,5,6,2,2,1,30,33
30032,5,0,2,2,0,1,13,10
30036,8,10,15,6,2,7,37,28
30037,9,10,15,4,2,7,36,30
30039,9,10,15,4,2,7,34,30
30041,9,10,15,4,2,7,37,31
30057,1,3,0,1,1,4,13,15
30060,3,5,8,1,0,2,32,28
30068,1,1,0,0,0,0,14,15
30070,1,0,1,0,1,0,8,6
30071,0,2,0,0,0,0,5,5
30074,1,0,0,0,2,0,6,6
30076,8,6,5,0,0,3,24,29
30077,7,6,5,1,1,3,27,30
30079,1,0,2,0,0,1,3,3
30080,5,2,8,2,2,5,14,17
30083,8,3,6,1,2,3,26,26
30084,9,3,6,1,2,3,27,27
30087,8,16,11,7,4,3,64,46
30089,5,3,3,0,0,2,17,16
30091,1,1,0,0,1,0,1,2
30097,2,5,0,1,0,0,7,9
30099,0,3,0,1,0,0,4,6
30103,6,2,5,2,0,2,14,18
30108,4,3,4,0,0,2,17,20
30110,3,1,3,0,0,2,11,4
30111,3,2,1,1,2,0,13,13
30115,2,5,3,0,1,1,17,7
30116,5,8,8,2,1,1,25,15
30117,5,7,8,2,1,1,22,12
30118,0,1,1,1,0,1,6,6
30119,6,2,4,2,0,1,10,17
30123,4,6,3,3,3,1,21,19
30124,1,0,0,1,0,0,2,2
30127,4,5,1,2,0,5,14,26
30128,6,5,2,2,1,8,20,27
30132,7,7,6,0,1,3,27,26
30134,2,2,2,1,1,2,5,11
30136,2,3,1,2,2,0,9,9
30141,1,1,1,0,0,0,4,4
30142,1,2,1,0,0,0,6,7
30149,0,1,0,0,0,0,1,5
30151,6,4,1,0,0,0,11,9
30152,6,4,3,1,0,0,12,13
30153,0,0,1,0,0,0,2,1
30156,1,1,1,0,0,0,3,4
30157,16,5,4,2,1,0,24,27
30160,4,3,1,4,1,4,14,23
30161,0,2,0,0,0,0,2,2
30163,0,0,0,0,0,0,1,2
30167,1,0,0,0,0,0,2,1
30169,2,1,2,1,0,4,9,9
30172,9,4,6,0,1,5,31,32
30176,2,2,1,1,0,0,13,10
30178,0,1,0,0,0,0,0,1
30179,2,2,2,1,0,0,4,3
30189,2,0,1,0,0,0,3,2
30191,0,1,0,0,0,0,2,5
30193,8,4,1,0,1,1,16,14
30195,7,11,10,5,3,2,26,31
30196,8,6,5,0,0,6,27,34
30197,8,6,5,0,0,6,26,34
30198,9,5,5,0,0,6,26,33
30201,2,0,2,1,1,0,7,4
30202,5,4,2,4,0,2,18,22
30203,2,3,4,0,0,2,12,15
30204,17,6,8,2,2,2,38,28
30205,12,6,6,1,1,2,21,20
30207,1,4,1,1,3,0,12,11
30210,4,2,3,2,1,1,13,9
30211,4,3,2,2,1,1,12,8
30212,3,0,1,0,2,0,8,7
30215,3,0,5,2,2,2,22,10
30216,4,0,8,2,3,2,18,11
30217,4,4,7,2,2,1,15,12
30219,0,0,0,0,0,0,1,1
30220,0,0,0,0,0,0,1,1
30221,1,0,1,0,0,0,4,3
30222,11,4,2,3,0,1,16,23
30225,3,1,2,1,0,4,11,11
30226,4,0,2,1,0,4,10,10
30230,0,0,1,0,0,0,0,0
30231,8,3,7,0,1,5,28,27
30234,4,6,3,3,2,1,16,12
30237,4,2,3,2,0,1,14,8
30238,2,1,1,0,0,0,6,2
30242,0,1,1,0,0,0,4,5
30244,4,1,3,1,0,0,7,8
30245,1,0,0,0,0,1,4,8
30246,3,0,3,1,0,5,12,14
30250,2,1,4,0,2,0,9,6
30251,2,1,0,3,2,1,8,3
30254,1,0,1,0,1,0,6,6
30255,0,1,0,0,0,0,2,1
30256,8,5,9,1,2,2,33,34
30258,5,5,4,1,2,6,12,15
30260,1,3,6,3,0,1,9,11
30262,9,9,9,2,4,3,22,31
30264,1,1,0,0,0,0,2,2
30268,2,1,0,0,1,1,6,8
30269,4,6,3,2,2,5,21,18
30273,5,2,1,1,0,2,17,12
30275,0,0,2,1,0,1,12,7
30277,2,3,0,1,2,3,9,9
30286,1,0,2,0,0,0,2,4
30287,5,7,5,9,2,1,29,21
30294,0,0,0,1,0,0,1,0
30295,0,1,0,0,1,0,2,2
30296,0,0,0,0,0,0,0,0
30302,1,0,0,2,1,0,6,5
30312,1,0,0,1,0,0,2,2
30313,3,0,5,1,0,2,11,9
30319,2,1,1,0,0,0,1,0
30325,1,0,2,0,0,0,1,5
30327,2,1,1,0,0,1,9,5
30328,0,0,0,0,0,0,0,0
30331,1,1,2,2,0,1,6,6
30335,0,0,0,0,0,0,0,0
30338,5,1,1,1,0,0,11,6
14590,1,3,0,2,0,0,7,9
15234,4,2,4,1,1,1,12,13
30300,9,6,4,5,3,3,35,31
30137,3,3,3,0,0,1,8,9
